OBJECTID1,FID,OBJECTID,STATEFP20,COUNTYFP20,TRACTCE20,BLKGRPCE20,GEOID20,NAMELSAD20,MTFCC20,FUNCSTAT20,ALAND20,AWATER20,INTPTLAT20,INTPTLON20,Shape_STAr,Shape_STLe,COUNT,SHAPE_Length,SHAPE_Area
1,39,40,25,025,040801,3,250250408013,Block Group 3,G5030,S,410674,341404,+42.3748012,-071.0512954,8094763.51,11453.53616,13,21941.73698,4215808.012
2,37,38,25,025,130406,3,250251304063,Block Group 3,G5030,S,162271,0,+42.2578187,-071.1583287,1746552.247,5606.530804,3,5606.530263,1746552.288
3,12,13,25,025,010702,3,250250107023,Block Group 3,G5030,S,92414,0,+42.3530627,-071.0738185,994675.2122,4138.540154,18,4138.540075,994675.2914
4,55,56,25,025,082100,3,250250821003,Block Group 3,G5030,S,170844,0,+42.3105669,-071.0890504,1838811.814,5506.105905,17,5506.105719,1838811.822
5,2,3,25,025,051101,4,250250511014,Block Group 4,G5030,S,227071,270,+42.3913407,-071.0020343,2446949.394,11579.54617,4,11563.95223,2441103.892
6,40,41,25,025,091001,3,250250910013,Block Group 3,G5030,S,385092,437605,+42.3028466,-071.0488169,8854792.16,18009.87341,10,21829.37164,4129995.187
7,27,28,25,025,090901,2,250250909012,Block Group 2,G5030,S,900600,293189,+42.3151612,-071.0393475,12848901.77,16122.89561,16,15455.39364,9755380.816
8,51,52,25,025,120201,1,250251202011,Block Group 1,G5030,S,150706,0,+42.3047647,-071.1129855,1622063.166,5811.684185,5,5811.684813,1622063.083
9,10,11,25,025,010405,2,250250104052,Block Group 2,G5030,S,84520,0,+42.3428715,-071.0910540,909709.6478,6775.070541,9,6775.070446,909709.6741
10,57,58,25,025,120201,3,250251202013,Block Group 3,G5030,S,237711,0,+42.3031721,-071.1088708,2558523.569,6775.702706,3,6775.703286,2558523.631
11,47,48,25,025,081400,3,250250814003,Block Group 3,G5030,S,174743,0,+42.3270240,-071.0899970,1880806.674,5577.341162,3,5577.340943,1880806.746
12,58,59,25,025,110301,1,250251103011,Block Group 1,G5030,S,417075,0,+42.2849321,-071.1124095,4489030.837,10964.46471,1,10964.46557,4489030.698
13,13,14,25,025,010701,2,250250107012,Block Group 2,G5030,S,47170,0,+42.3509734,-071.0815215,507699.6641,2865.731713,7,2865.731511,507699.6595
14,60,61,25,025,080801,2,250250808012,Block Group 2,G5030,S,168609,0,+42.3336494,-071.0978951,1814782.267,5734.410855,12,5734.410735,1814782.294
15,44,45,25,025,010404,3,250250104043,Block Group 3,G5030,S,26567,0,+42.3432743,-071.0881269,285950.1027,2764.353238,5,2764.353215,285949.9884
16,19,20,25,025,010103,3,250250101033,Block Group 3,G5030,S,145013,0,+42.3505468,-071.1056095,1560781.725,7176.247164,9,7170.9933,1558427.969
17,46,47,25,025,010104,3,250250101043,Block Group 3,G5030,S,101961,1562,+42.3483667,-071.0957406,1114282.053,6282.541665,11,6979.402197,1100971.264
18,34,35,25,025,092400,4,250250924004,Block Group 4,G5030,S,126784,0,+42.2952327,-071.0903761,1364600.182,4654.623821,14,4654.623897,1364600.093
19,42,43,25,025,050901,3,250250509013,Block Group 3,G5030,S,325505,194140,+42.3819368,-071.0295001,5593044.419,13205.60577,2,15093.6333,3341431.136
20,43,44,25,025,050101,2,250250501012,Block Group 2,G5030,S,114186,184516,+42.3812116,-071.0412368,3214999.939,8307.134035,5,9101.286264,1076737.018
21,52,53,25,025,080900,2,250250809002,Block Group 2,G5030,S,108750,0,+42.3311069,-071.1000748,1170496.479,4557.797544,11,4557.797202,1170496.416
22,59,60,25,025,120103,1,250251201031,Block Group 1,G5030,S,340186,0,+42.3117553,-071.1181420,3661466.797,7623.878852,6,7623.878721,3661466.831
23,65,66,25,025,100603,1,250251006031,Block Group 1,G5030,S,447843,0,+42.2905299,-071.0467694,4820214.931,13250.94883,10,13250.94857,4820214.913
24,69,70,25,025,981700,1,250259817001,Block Group 1,G5030,S,313765,14973,+42.3550969,-071.0657367,3538274.928,8017.809851,9,11725.68864,3338310.096
25,9,10,25,025,080801,1,250250808011,Block Group 1,G5030,S,196281,0,+42.3354282,-071.0947649,2112619.478,7507.058189,7,7507.058218,2112619.646
26,8,9,25,025,120105,3,250251201053,Block Group 3,G5030,S,530437,159,+42.3159332,-071.1260125,5710905.61,15766.5391,2,15750.7855,5669019.223
27,36,37,25,025,051101,3,250250511013,Block Group 3,G5030,S,427080,622683,+42.3835194,-071.0009504,11298799.82,17737.06886,2,19023.6718,4841179.487
28,31,32,25,025,070402,1,250250704021,Block Group 1,G5030,S,121646,0,+42.3450302,-071.0632552,1309299.644,4715.669038,11,4715.669096,1309299.756
29,54,55,25,025,130406,1,250251304061,Block Group 1,G5030,S,239152,5879,+42.2559850,-071.1462285,2637311.248,7415.581197,7,8600.789406,2551666.569
30,50,51,25,025,091300,2,250250913002,Block Group 2,G5030,S,157287,0,+42.3203514,-071.0683545,1692906.039,6441.427119,6,6441.427167,1692905.916
31,32,33,25,025,140107,1,250251401071,Block Group 1,G5030,S,492633,0,+42.2588236,-071.1278742,5302263.222,13193.53561,14,13193.53563,5302263.076
32,18,19,25,025,040401,2,250250404012,Block Group 2,G5030,S,312222,26534,+42.3726795,-071.0650047,3646081.974,11553.74829,14,12590.98823,3311593.469
33,24,25,25,025,010802,2,250250108022,Block Group 2,G5030,S,60427,0,+42.3507651,-071.0879982,650396.5755,4049.465616,12,4049.46532,650396.7548
34,28,29,25,025,060800,4,250250608004,Block Group 4,G5030,S,148884,0,+42.3350438,-071.0536394,1602439.816,7583.836721,4,7583.836604,1602439.954
35,20,21,25,025,050600,2,250250506002,Block Group 2,G5030,S,82932,0,+42.3709210,-071.0373551,892615.7634,4947.144809,5,4947.145156,892615.7252
36,64,65,25,025,120301,4,250251203014,Block Group 4,G5030,S,234901,0,+42.3130397,-071.1040195,2528270.237,6950.873212,7,6950.87322,2528270.241
37,7,8,25,025,981000,1,250259810001,Block Group 1,G5030,S,1134184,4752,+42.2988820,-071.1267094,12258498.21,20191.19464,5,28810.73898,12190494.79
38,14,15,25,025,010801,3,250250108013,Block Group 3,G5030,S,54335,0,+42.3534592,-071.0792448,584808.8812,4833.128567,7,4833.128919,584808.822
39,71,72,25,025,092400,3,250250924003,Block Group 3,G5030,S,183588,0,+42.2980546,-071.0841024,1975990.76,6348.352469,9,6348.352011,1975990.759
40,15,16,25,025,010701,1,250250107011,Block Group 1,G5030,S,74123,0,+42.3499181,-071.0828068,797812.2367,4593.226493,16,4593.226398,797812.1641
41,35,36,25,025,092101,3,250250921013,Block Group 3,G5030,S,504438,65874,+42.2991779,-071.0489898,6138343.407,14527.99801,3,13997.14067,5422836.971
42,63,64,25,025,140105,1,250251401051,Block Group 1,G5030,S,730539,0,+42.2688317,-071.1269385,7862886.486,11740.51089,4,11740.51092,7862886.552
43,53,54,25,025,100603,2,250251006032,Block Group 2,G5030,S,424653,343682,+42.2914125,-071.0421575,8269664.661,15350.22647,6,22671.30286,4473980.965
44,29,30,25,025,100100,1,250251001001,Block Group 1,G5030,S,194999,0,+42.2914379,-071.0930098,2098797.008,6261.901417,6,7242.837657,2090544.09
45,23,24,25,025,000301,1,250250003011,Block Group 1,G5030,S,221956,0,+42.3562597,-071.1659934,2388952.785,8907.106803,2,8907.107169,2388952.803
46,25,26,25,025,980700,1,250259807001,Block Group 1,G5030,S,2888945,53061,+42.2614817,-071.1375704,31665131.23,40601.2885,7,46882.51566,31276494.02
47,6,7,25,025,110607,3,250251106073,Block Group 3,G5030,S,363586,0,+42.2889047,-071.1310084,3913310.446,9404.458753,4,9404.459217,3913310.355
48,16,17,25,025,010408,1,250250104081,Block Group 1,G5030,S,43381,0,+42.3431682,-071.0958461,466916.8485,2806.196028,8,2806.195582,466916.8473
49,30,31,25,025,980300,1,250259803001,Block Group 1,G5030,S,2081297,27540,+42.3006134,-071.0946130,22697743.78,20900.77068,13,27191.79547,22374999.55
50,26,27,25,025,140106,1,250251401061,Block Group 1,G5030,S,219472,3116,+42.2738738,-071.1371416,2395757.688,7656.097435,8,7656.097026,2395757.716
51,68,69,25,025,091001,1,250250910011,Block Group 1,G5030,S,96905,0,+42.3101439,-071.0589649,1042994.958,5286.136678,4,5286.136902,1042994.901
52,4,5,25,025,010204,3,250250102043,Block Group 3,G5030,S,145888,0,+42.3459611,-071.1020344,1570220.024,5510.560013,12,5510.559663,1570219.928
53,0,1,25,025,040600,1,250250406001,Block Group 1,G5030,S,1265377,413598,+42.3833695,-071.0707743,18071175.37,29256.86607,38,34735.58725,13596632.87
54,70,71,25,025,080401,1,250250804011,Block Group 1,G5030,S,294596,0,+42.3318157,-071.0793002,3170768.078,8755.861,25,8755.861163,3170767.999
55,66,67,25,025,120105,2,250251201052,Block Group 2,G5030,S,524140,0,+42.3094899,-071.1273102,5641419.234,13114.21011,1,13105.16566,5635422.516
56,33,34,25,025,120104,1,250251201041,Block Group 1,G5030,S,103280,0,+42.3078434,-071.1177383,1111633.752,5069.077612,2,5069.077506,1111633.777
57,5,6,25,025,010204,2,250250102042,Block Group 2,G5030,S,67705,607,+42.3459559,-071.1053251,735250.4298,4162.027678,3,4062.399575,691693.3685
58,38,39,25,025,140105,2,250251401052,Block Group 2,G5030,S,278725,0,+42.2658458,-071.1205905,2999956.801,7719.143563,1,7719.144118,2999956.944
59,56,57,25,025,091400,1,250250914001,Block Group 1,G5030,S,176287,0,+42.3150386,-071.0686453,1897438.758,6631.774526,9,6631.77518,1897438.94
60,49,50,25,025,080300,1,250250803001,Block Group 1,G5030,S,95354,0,+42.3286890,-071.0769272,1026309.035,4605.97882,8,4605.979402,1026308.952
61,1,2,25,025,051101,1,250250511011,Block Group 1,G5030,S,220626,0,+42.3882285,-071.0046816,2374654.123,9142.174252,11,9142.174838,2374654.246
62,62,63,25,025,110403,5,250251104035,Block Group 5,G5030,S,215734,0,+42.2757625,-071.1303951,2321971.997,7589.48411,2,7589.483404,2321971.839
63,61,62,25,025,051101,2,250250511012,Block Group 2,G5030,S,284620,0,+42.3908590,-071.0089839,3063418.569,8047.451531,3,8047.452527,3063418.667
64,17,18,25,025,020301,1,250250203011,Block Group 1,G5030,S,262787,528,+42.3631736,-071.0686464,2834113.083,10818.25515,33,10786.93413,2810307.61
65,11,12,25,025,010702,1,250250107021,Block Group 1,G5030,S,156192,0,+42.3509702,-071.0755578,1681124.825,6937.540075,31,6937.53993,1681124.805
66,22,23,25,025,061101,1,250250611011,Block Group 1,G5030,S,49678,0,+42.3281605,-071.0536555,534680.5184,3923.919461,6,3923.919235,534680.5908
67,45,46,25,025,110201,1,250251102011,Block Group 1,G5030,S,348208,0,+42.2804960,-071.1170508,3747839.933,10276.92978,6,10276.93055,3747840.014
68,48,49,25,025,010104,1,250250101041,Block Group 1,G5030,S,96870,2015,+42.3490327,-071.0905818,1064305.79,4555.311242,13,5404.390515,1049200.493
69,21,22,25,025,091001,4,250250910014,Block Group 4,G5030,S,356523,9962,+42.3169885,-071.0502444,3944499.93,11834.38644,5,13524.43489,3848162.367
70,94,95,25,025,000302,2,250250003022,Block Group 2,G5030,S,320687,46101,+42.3452382,-071.1682693,3947791.327,10515.62973,1,13557.55463,3421051.696
71,89,90,25,025,010500,3,250250105003,Block Group 3,G5030,S,35330,0,+42.3432049,-071.0821105,380275.8096,3176.878864,12,3176.878576,380275.8324
72,82,83,25,025,020200,1,250250202001,Block Group 1,G5030,S,29549,0,+42.3602661,-071.0659812,318035.2162,2274.679295,16,2274.679747,318035.2102
73,109,110,25,025,070104,1,250250701041,Block Group 1,G5030,S,368824,69922,+42.3495228,-071.0560344,4722278.934,12978.9122,34,13427.72606,3734451.594
74,96,97,25,025,071101,1,250250711011,Block Group 1,G5030,S,163106,0,+42.3353054,-071.0727534,1755547.717,7289.919308,30,7289.91913,1755547.652
75,130,131,25,025,091400,2,250250914002,Block Group 2,G5030,S,148733,0,+42.3155418,-071.0712861,1600845.567,6834.426676,4,6834.426265,1600845.47
76,91,92,25,025,090200,3,250250902003,Block Group 3,G5030,S,116881,0,+42.3082346,-071.0794732,1258012.051,5217.602495,8,5217.602719,1258012.082
77,105,106,25,025,010701,3,250250107013,Block Group 3,G5030,S,80728,0,+42.3488056,-071.0862394,868876.007,3807.90353,16,3807.903687,868875.9825
78,118,119,25,025,060604,2,250250606042,Block Group 2,G5030,S,119125,32541,+42.3516372,-071.0486545,1632425.18,5206.232256,17,5503.814202,1284084.077
79,108,109,25,025,070104,3,250250701043,Block Group 3,G5030,S,84346,0,+42.3546610,-071.0601524,907823.6925,4593.873078,24,4593.873057,907823.774
80,124,125,25,025,091100,4,250250911004,Block Group 4,G5030,S,70845,0,+42.3144418,-071.0583414,762509.9332,3467.86334,6,3467.863178,762509.8847
81,115,116,25,025,060603,1,250250606031,Block Group 1,G5030,S,398230,0,+42.3477038,-071.0411470,4286155.281,9554.368935,17,9492.47799,4273362.994
82,116,117,25,025,070802,2,250250708022,Block Group 2,G5030,S,64776,0,+42.3424595,-071.0808874,697200.3079,3591.599507,18,3591.599291,697200.3594
83,85,86,25,025,130200,2,250251302002,Block Group 2,G5030,S,159939,0,+42.2899692,-071.1523387,1721443.861,6225.134865,6,6225.134776,1721443.82
84,87,88,25,025,050200,2,250250502002,Block Group 2,G5030,S,73449,0,+42.3762446,-071.0376489,790527.7207,5503.476123,8,5503.47625,790527.6987
85,80,81,25,025,090700,2,250250907002,Block Group 2,G5030,S,106433,0,+42.3232536,-071.0584818,1145563.535,4311.094012,9,4311.093791,1145563.48
86,136,137,25,025,091600,3,250250916003,Block Group 3,G5030,S,95530,0,+42.3045567,-071.0587634,1028202.753,5771.535163,12,5771.534598,1028202.718
87,131,132,25,025,091500,1,250250915001,Block Group 1,G5030,S,164417,0,+42.3126282,-071.0631441,1769649.204,7641.015546,6,7641.015172,1769649.162
88,92,93,25,025,100800,3,250251008003,Block Group 3,G5030,S,136799,0,+42.2838155,-071.0580390,1472395.639,4947.948914,5,4947.948744,1472395.646
89,138,139,25,025,091800,1,250250918001,Block Group 1,G5030,S,154578,0,+42.3089845,-071.0685274,1663739.208,5485.206061,5,5485.205939,1663739.16
90,134,135,25,025,091600,1,250250916001,Block Group 1,G5030,S,99546,0,+42.3063938,-071.0640360,1071424.341,5118.358999,7,5118.359377,1071424.437
91,79,80,25,025,110607,1,250251106071,Block Group 1,G5030,S,154851,0,+42.2907944,-071.1362400,1666692.269,5240.015259,6,5240.015182,1666692.218
92,128,129,25,025,091200,3,250250912003,Block Group 3,G5030,S,104106,0,+42.3163157,-071.0642511,1120516.414,4801.021946,4,4801.02194,1120516.407
93,95,96,25,025,092200,2,250250922002,Block Group 2,G5030,S,106856,0,+42.2940804,-071.0638621,1150104.622,4507.552881,2,4507.553051,1150104.575
94,135,136,25,025,091600,2,250250916002,Block Group 2,G5030,S,118082,0,+42.3069292,-071.0607591,1270917.452,4862.757231,5,4862.757231,1270917.456
95,97,98,25,025,081001,4,250250810014,Block Group 4,G5030,S,88077,0,+42.3341221,-071.1099428,947994.5057,5333.67454,13,5333.674373,947994.5441
96,111,112,25,025,070802,1,250250708021,Block Group 1,G5030,S,65177,0,+42.3409562,-071.0795834,701523.6078,3417.038953,8,3417.038844,701523.6271
97,72,73,25,025,100700,1,250251007001,Block Group 1,G5030,S,166370,0,+42.2869975,-071.0507076,1790652.831,8215.872111,5,8215.871101,1790652.761
98,110,111,25,025,060604,1,250250606041,Block Group 1,G5030,S,297192,596826,+42.3507680,-071.0384635,9622475.411,17146.18941,12,21683.90263,3144373.661
99,83,84,25,025,081800,3,250250818003,Block Group 3,G5030,S,136701,0,+42.3171712,-071.0800902,1471321.271,5089.238693,10,5089.238597,1471321.316
100,143,144,25,025,091800,2,250250918002,Block Group 2,G5030,S,89290,0,+42.3073725,-071.0699070,961015.4431,5016.861879,2,5016.861665,961015.5468
101,74,75,25,025,100800,2,250251008002,Block Group 2,G5030,S,136910,0,+42.2866589,-071.0574365,1473597.604,6563.376566,1,6563.376775,1473597.621
102,102,103,25,025,030200,1,250250302001,Block Group 1,G5030,S,18891,0,+42.3646640,-071.0561296,203327.8753,1863.108052,6,1863.107602,203327.8627
103,106,107,25,025,061204,1,250250612041,Block Group 1,G5030,S,412236,57818,+42.3457244,-071.0532683,5059248.963,10847.10849,8,10515.30589,4476626.044
104,73,74,25,025,101001,5,250251010015,Block Group 5,G5030,S,128096,0,+42.2692303,-071.1013791,1378709.247,4917.958125,15,4917.95797,1378709.335
105,78,79,25,025,092300,1,250250923001,Block Group 1,G5030,S,107203,0,+42.2951582,-071.0740083,1153851.124,4632.417144,2,4632.41717,1153851.113
106,132,133,25,025,091500,2,250250915002,Block Group 2,G5030,S,177353,0,+42.3112249,-071.0659045,1908863.927,6310.783187,13,6310.783017,1908863.93
107,120,121,25,025,070801,1,250250708011,Block Group 1,G5030,S,61235,0,+42.3399771,-071.0825322,659078.3808,3324.80926,11,3324.809261,659078.594
108,90,91,25,025,030100,1,250250301001,Block Group 1,G5030,S,44688,0,+42.3672873,-071.0554744,480991.5542,2991.969252,19,2991.968828,480991.5173
109,141,142,25,025,140202,1,250251402021,Block Group 1,G5030,S,238151,0,+42.2463814,-071.1231108,2563251.553,7003.464492,1,7003.464548,2563251.69
110,77,78,25,025,100900,2,250251009002,Block Group 2,G5030,S,136336,0,+42.2741134,-071.0697725,1467397.831,4893.08305,7,4893.083154,1467397.784
111,123,124,25,025,092101,1,250250921011,Block Group 1,G5030,S,186916,0,+42.2947453,-071.0523099,2011811.313,7521.038441,5,7521.038339,2011811.513
112,99,100,25,025,101001,1,250251010011,Block Group 1,G5030,S,265948,0,+42.2769706,-071.1030077,2862439.105,11749.46323,2,11749.46321,2862438.95
113,114,115,25,025,060602,1,250250606021,Block Group 1,G5030,S,432113,0,+42.3441304,-071.0461108,4650920.392,9437.281529,5,9437.281895,4650920.36
114,112,113,25,025,070902,1,250250709021,Block Group 1,G5030,S,60929,0,+42.3383702,-071.0779843,655789.1241,3654.55516,19,3654.555265,655789.0584
115,144,145,25,025,091800,3,250250918003,Block Group 3,G5030,S,188198,0,+42.3060344,-071.0724399,2025587.82,6795.693897,3,6795.694014,2025587.598
116,127,128,25,025,091200,2,250250912002,Block Group 2,G5030,S,124576,0,+42.3147782,-071.0614723,1340822.516,6018.465942,3,6018.465553,1340822.6
117,122,123,25,025,060601,1,250250606011,Block Group 1,G5030,S,140332,0,+42.3392514,-071.0489604,1510419.518,5135.560328,14,5135.560337,1510419.591
118,93,94,25,025,000302,1,250250003021,Block Group 1,G5030,S,269292,0,+42.3484378,-071.1661794,2898439.226,9349.531143,3,9349.531301,2898439.11
119,84,85,25,025,000301,4,250250003014,Block Group 4,G5030,S,126505,0,+42.3510513,-071.1718726,1361597.595,5138.297735,3,5135.627299,1361398.88
120,75,76,25,025,060400,1,250250604001,Block Group 1,G5030,S,82503,0,+42.3338298,-071.0428563,888003.2663,3894.852515,9,3894.852604,888003.1554
121,107,108,25,025,070104,2,250250701042,Block Group 2,G5030,S,308628,0,+42.3552859,-071.0551565,3321838.966,8232.661521,37,8232.661399,3321839.129
122,113,114,25,025,010206,2,250250102062,Block Group 2,G5030,S,66428,1185,+42.3471265,-071.0903808,727732.3238,5373.936907,8,5867.24884,715842.5588
123,140,141,25,025,140106,2,250251401062,Block Group 2,G5030,S,59365,0,+42.2767409,-071.1366995,638962.4156,3209.604695,7,3209.604183,638962.3685
124,81,82,25,025,000601,2,250250006012,Block Group 2,G5030,S,177210,0,+42.3488373,-071.1513733,1907361.59,6389.578643,2,6389.578374,1907361.324
125,121,122,25,025,070902,2,250250709022,Block Group 2,G5030,S,49944,0,+42.3393397,-071.0767967,537567.8893,3520.192286,8,3520.192405,537567.8797
126,137,138,25,025,091700,3,250250917003,Block Group 3,G5030,S,54173,0,+42.3031036,-071.0692315,583069.5144,3785.609568,5,3785.609488,583069.547
127,101,102,25,025,010702,2,250250107022,Block Group 2,G5030,S,51570,0,+42.3522731,-071.0784142,555052.5425,3368.404975,3,3368.405261,555052.5118
128,133,134,25,025,091500,3,250250915003,Block Group 3,G5030,S,62397,0,+42.3092706,-071.0632427,671580.4213,4267.302097,4,4267.301855,671580.4487
129,76,77,25,025,060501,2,250250605012,Block Group 2,G5030,S,63781,0,+42.3363990,-071.0395143,686495.4464,3461.85877,5,3461.858945,686495.5337
130,142,143,25,025,981501,1,250259815011,Block Group 1,G5030,S,897746,1203439,+42.3524288,-071.0878101,22615512.44,79211.97239,3,93419.15906,8787346.595
131,86,87,25,025,010204,1,250250102041,Block Group 1,G5030,S,39817,0,+42.3477033,-071.1042057,428518.7787,3704.320394,5,3660.350956,427183.7908
132,139,140,25,025,110401,2,250251104012,Block Group 2,G5030,S,308729,0,+42.2847323,-071.1228293,3322897.866,8542.818664,8,8542.818928,3322897.827
133,103,104,25,025,010802,3,250250108023,Block Group 3,G5030,S,36303,0,+42.3526821,-071.0825202,390731.4686,3595.046469,2,3595.046967,390731.471
134,104,105,25,025,010801,2,250250108012,Block Group 2,G5030,S,44818,0,+42.3544092,-071.0764316,482377.9693,3639.601686,5,3639.601594,482377.904
135,117,118,25,025,061202,1,250250612021,Block Group 1,G5030,S,380810,4897,+42.3387527,-071.0625085,4151440.613,9863.203623,5,10532.95747,4091283.116
136,119,120,25,025,070901,1,250250709011,Block Group 1,G5030,S,57691,0,+42.3377169,-071.0795662,620927.8275,3841.042994,10,3841.043011,620927.814
137,125,126,25,025,091100,5,250250911005,Block Group 5,G5030,S,66634,0,+42.3170504,-071.0579446,717189.1407,3535.030567,3,3535.030334,717189.1035
138,129,130,25,025,091300,1,250250913001,Block Group 1,G5030,S,105273,0,+42.3193145,-071.0646522,1133074.768,4836.38291,5,4836.382447,1133074.829
139,98,99,25,025,000503,1,250250005031,Block Group 1,G5030,S,64236,0,+42.3407867,-071.1488636,691386.2386,3834.119245,2,3834.119067,691386.1862
140,126,127,25,025,091200,1,250250912001,Block Group 1,G5030,S,94930,0,+42.3183680,-071.0609730,1021741.555,4595.535106,8,4595.534866,1021741.496
141,88,89,25,025,120301,2,250251203012,Block Group 2,G5030,S,81447,0,+42.3127514,-071.0989754,876629.5758,3981.30022,7,3981.30011,876629.4893
142,100,101,25,025,010403,1,250250104031,Block Group 1,G5030,S,36932,0,+42.3444080,-071.0884544,397501.9365,2685.268543,15,2685.268242,397501.9114
143,216,217,25,025,000301,2,250250003012,Block Group 2,G5030,S,142614,0,+42.3545938,-071.1697815,1534977.978,6510.233016,2,6508.249229,1532554.177
144,193,194,25,025,100700,4,250251007004,Block Group 4,G5030,S,134430,0,+42.2847254,-071.0534436,1446879.261,5520.13502,1,5520.134872,1446879.331
145,149,150,25,025,092000,2,250250920002,Block Group 2,G5030,S,180677,0,+42.2985129,-071.0674002,1944632.243,7902.634312,11,7902.634258,1944632.529
146,187,188,25,025,100500,1,250251005001,Block Group 1,G5030,S,125028,0,+42.2899030,-071.0643073,1345700.048,6611.120989,8,6611.120941,1345700.145
147,214,215,25,025,000202,3,250250002023,Block Group 3,G5030,S,347313,0,+42.3532363,-071.1520856,3738191.608,11028.71426,14,11028.7144,3738191.568
148,204,205,25,025,100800,5,250251008005,Block Group 5,G5030,S,401128,0,+42.2768340,-071.0639770,4317368.253,8690.654646,10,8690.654509,4317368.121
149,182,183,25,025,100700,2,250251007002,Block Group 2,G5030,S,602923,146231,+42.2804360,-071.0441224,8063284.543,13377.06653,14,17886.40981,6560185.76
150,161,162,25,025,010405,3,250250104053,Block Group 3,G5030,S,39973,0,+42.3415212,-071.0848532,430222.9871,2612.229118,14,2612.229395,430223.0105
151,155,156,25,025,092200,1,250250922001,Block Group 1,G5030,S,195405,0,+42.2975317,-071.0634178,2103161.676,5972.38138,6,5972.381135,2103161.562
152,153,154,25,025,092101,4,250250921014,Block Group 4,G5030,S,227454,0,+42.2979629,-071.0563418,2448118.573,7341.779523,12,7341.779837,2448118.952
153,157,158,25,025,010300,1,250250103001,Block Group 1,G5030,S,146682,0,+42.3384725,-071.0964949,1578755.388,6475.557074,14,6475.556776,1578755.243
154,162,163,25,025,010500,1,250250105001,Block Group 1,G5030,S,118870,6725,+42.3454790,-071.0855761,1351800.677,5292.243264,21,6878.542735,1285840.747
155,166,167,25,025,092200,4,250250922004,Block Group 4,G5030,S,155380,0,+42.2946828,-071.0693251,1672369.884,5641.077739,5,5641.077323,1672369.852
156,188,189,25,025,100500,2,250251005002,Block Group 2,G5030,S,187194,0,+42.2868570,-071.0679633,2014786.461,5515.688054,5,5515.688145,2014786.412
157,198,199,25,025,000201,3,250250002013,Block Group 3,G5030,S,175302,0,+42.3521339,-071.1649809,1886792.647,6850.499801,6,6850.500356,1886792.723
158,189,190,25,025,100500,3,250251005003,Block Group 3,G5030,S,135025,0,+42.2899759,-071.0682214,1453312.982,5353.833674,11,5353.832933,1453312.787
159,203,204,25,025,100800,4,250251008004,Block Group 4,G5030,S,759043,172846,+42.2719183,-071.0593899,10030046.06,16742.47072,5,20888.2869,8337331.839
160,211,212,25,025,101001,2,250251010012,Block Group 2,G5030,S,205591,0,+42.2735389,-071.1045689,2212837.652,5919.128916,7,5919.129307,2212837.69
161,178,179,25,025,100300,2,250251003002,Block Group 2,G5030,S,105785,0,+42.2811915,-071.0774299,1138576.678,4549.436341,3,4549.436013,1138576.642
162,202,203,25,025,100900,1,250251009001,Block Group 1,G5030,S,166366,0,+42.2774522,-071.0691300,1790609.819,5888.209309,2,5888.208974,1790609.91
163,151,152,25,025,092000,4,250250920004,Block Group 4,G5030,S,75917,0,+42.3014060,-071.0703352,817096.2901,4104.228376,5,4104.228568,817096.4168
164,163,164,25,025,010500,2,250250105002,Block Group 2,G5030,S,39066,0,+42.3438116,-071.0829420,420475.6481,3212.354059,3,3212.354109,420475.6434
165,170,171,25,025,100300,1,250251003001,Block Group 1,G5030,S,175595,0,+42.2851810,-071.0790834,1889956.164,6687.499247,8,6687.499172,1889956.202
166,164,165,25,025,010600,1,250250106001,Block Group 1,G5030,S,89293,0,+42.3463049,-071.0789397,961071.7701,4357.803352,18,4357.803536,961071.6975
167,158,159,25,025,010300,2,250250103002,Block Group 2,G5030,S,360526,0,+42.3398082,-071.1039946,3880411.106,8232.213745,19,8232.213592,3880411.148
168,185,186,25,025,100400,3,250251004003,Block Group 3,G5030,S,128654,0,+42.2791524,-071.0733721,1384734.117,6116.489551,5,6116.489319,1384734.076
169,154,155,25,025,092101,2,250250921012,Block Group 2,G5030,S,174658,0,+42.3015088,-071.0577510,1879884.921,5976.993873,7,5976.993602,1879884.746
170,197,198,25,025,000201,2,250250002012,Block Group 2,G5030,S,97531,0,+42.3539575,-071.1609695,1049743.002,4175.991736,5,4175.991884,1049742.947
171,173,174,25,025,100100,3,250251001003,Block Group 3,G5030,S,129564,0,+42.2879834,-071.0887172,1394508.276,5880.128707,8,5880.12805,1394508.255
172,156,157,25,025,020101,4,250250201014,Block Group 4,G5030,S,45474,0,+42.3588625,-071.0686802,489428.6186,4257.98435,11,4257.984608,489428.5603
173,195,196,25,025,100800,1,250251008001,Block Group 1,G5030,S,121560,0,+42.2869209,-071.0609821,1308359.056,5269.43542,2,5269.434925,1308358.971
174,181,182,25,025,100400,1,250251004001,Block Group 1,G5030,S,140970,0,+42.2840898,-071.0685011,1517294.56,5667.342756,5,5667.343024,1517294.573
175,213,214,25,025,000202,2,250250002022,Block Group 2,G5030,S,123038,0,+42.3530967,-071.1569040,1324293.76,4911.045186,3,4911.045578,1324293.804
176,147,148,25,025,091900,4,250250919004,Block Group 4,G5030,S,69070,0,+42.2977786,-071.0742320,743415.9352,3344.702505,4,3344.702689,743415.9506
177,190,191,25,025,100500,4,250251005004,Block Group 4,G5030,S,245048,0,+42.2871787,-071.0756791,2637480.894,9066.598748,8,9066.599235,2637480.872
178,175,176,25,025,100200,1,250251002001,Block Group 1,G5030,S,137720,0,+42.2859340,-071.0831193,1482295.767,5811.234674,2,5811.234572,1482295.803
179,209,210,25,025,101001,3,250251010013,Block Group 3,G5030,S,138926,3948,+42.2658644,-071.0968566,1537784.155,5743.794931,4,5766.769229,1487246.298
180,172,173,25,025,100100,4,250251001004,Block Group 4,G5030,S,96673,0,+42.2895845,-071.0908973,1040502.032,5039.953979,9,5039.954096,1040502.099
181,179,180,25,025,100300,3,250251003003,Block Group 3,G5030,S,106136,0,+42.2805247,-071.0804558,1142364.569,4318.439017,6,4318.439252,1142364.493
182,167,168,25,025,092300,4,250250923004,Block Group 4,G5030,S,60369,0,+42.2957884,-071.0773180,649768.0495,3295.25144,2,3295.25158,649768.0131
183,146,147,25,025,091900,3,250250919003,Block Group 3,G5030,S,171799,0,+42.2996067,-071.0773068,1849101.894,6206.995034,7,6206.994743,1849101.949
184,165,166,25,025,092400,2,250250924002,Block Group 2,G5030,S,127727,0,+42.2948437,-071.0831794,1374744.136,5178.60871,12,5178.608255,1374744.15
185,186,187,25,025,100400,4,250251004004,Block Group 4,G5030,S,182562,0,+42.2822554,-071.0736674,1964924.824,5616.555633,5,5616.556254,1964924.904
186,208,209,25,025,100900,4,250251009004,Block Group 4,G5030,S,407738,36272,+42.2709823,-071.0783975,4778920.874,14557.28584,4,17778.57334,4458628.649
187,205,206,25,025,100800,6,250251008006,Block Group 6,G5030,S,191319,0,+42.2828640,-071.0630443,2059189.522,6389.434081,10,6389.43397,2059189.469
188,160,161,25,025,010405,1,250250104051,Block Group 1,G5030,S,240401,0,+42.3385335,-071.0898717,2587486.842,7416.528308,7,7416.528247,2587486.986
189,215,216,25,025,140202,3,250251402023,Block Group 3,G5030,S,341882,10961,+42.2545263,-071.1133651,3797710.393,9031.713021,6,9094.767577,3655140.184
190,201,202,25,025,020200,3,250250202003,Block Group 3,G5030,S,49070,0,+42.3602838,-071.0704650,528150.8572,3158.074711,4,3158.074642,528150.8312
191,191,192,25,025,100500,5,250251005005,Block Group 5,G5030,S,165421,0,+42.2886592,-071.0735178,1780442.584,5768.313637,10,5768.313373,1780442.551
192,194,195,25,025,100700,5,250251007005,Block Group 5,G5030,S,121300,0,+42.2814220,-071.0558344,1305565.274,4689.602653,5,4689.603257,1305565.318
193,206,207,25,025,100900,3,250251009003,Block Group 3,G5030,S,242944,0,+42.2760032,-071.0752474,2614846.235,7928.247735,10,7928.247877,2614846.123
194,212,213,25,025,000401,1,250250004011,Block Group 1,G5030,S,54141,0,+42.3430754,-071.1452014,582729.6272,3236.772366,10,3236.771935,582729.613
195,169,170,25,025,100100,7,250251001007,Block Group 7,G5030,S,190740,0,+42.2901367,-071.0812534,2052971.827,7625.873322,1,7625.872597,2052971.627
196,150,151,25,025,092000,3,250250920003,Block Group 3,G5030,S,112771,0,+42.2968863,-071.0717878,1213773.026,6836.574578,4,6836.574914,1213772.874
197,171,172,25,025,100100,6,250251001006,Block Group 6,G5030,S,281602,874,+42.2923320,-071.0849498,3040348.477,9435.702908,2,9435.702759,3040348.642
198,177,178,25,025,100200,3,250251002003,Block Group 3,G5030,S,131970,0,+42.2848846,-071.0878536,1420399.355,6077.216701,5,6077.216537,1420399.267
199,184,185,25,025,100400,2,250251004002,Block Group 2,G5030,S,174064,0,+42.2813767,-071.0679132,1873483.931,5724.429085,10,5724.429334,1873483.855
200,200,201,25,025,020101,1,250250201011,Block Group 1,G5030,S,45229,0,+42.3568011,-071.0700540,486814.6599,3302.681248,18,3302.681672,486814.7961
201,168,169,25,025,092400,1,250250924001,Block Group 1,G5030,S,85543,0,+42.2942749,-071.0796479,920731.4856,5203.798093,4,5203.797715,920731.6351
202,176,177,25,025,100200,2,250251002002,Block Group 2,G5030,S,80951,0,+42.2827339,-071.0866758,871306.9824,5067.422072,2,5067.421753,871306.9592
203,199,200,25,025,020101,3,250250201013,Block Group 3,G5030,S,71201,0,+42.3578601,-071.0671896,766347.4242,4299.969955,12,4299.970576,766347.4774
204,207,208,25,025,101001,6,250251010016,Block Group 6,G5030,S,368308,0,+42.2732562,-071.0983009,3964154.348,8425.142541,9,8425.143421,3964154.518
205,192,193,25,025,100601,3,250251006013,Block Group 3,G5030,S,108564,0,+42.2907309,-071.0581052,1168478.237,4758.246245,2,4758.245635,1168478.219
206,152,153,25,025,092101,5,250250921015,Block Group 5,G5030,S,212641,0,+42.2947101,-071.0590446,2288698.466,6788.670571,11,6788.670852,2288698.448
207,159,160,25,025,010403,2,250250104032,Block Group 2,G5030,S,25354,0,+42.3461749,-071.0885321,272880.1846,2447.385865,6,2447.385263,272880.1684
208,183,184,25,025,000401,2,250250004012,Block Group 2,G5030,S,107461,0,+42.3437726,-071.1475395,1156621.579,5290.154511,1,5290.155301,1156621.738
209,180,181,25,025,100300,4,250251003004,Block Group 4,G5030,S,104361,0,+42.2827282,-071.0827280,1123260.415,5329.32217,2,5329.322078,1123260.449
210,174,175,25,025,100100,5,250251001005,Block Group 5,G5030,S,62362,0,+42.2862563,-071.0921627,671231.2597,3551.673286,4,3551.672959,671231.1687
211,148,149,25,025,092000,1,250250920001,Block Group 1,G5030,S,120374,0,+42.3013031,-071.0630323,1295619.234,5278.99643,9,5278.99687,1295619.075
212,210,211,25,025,101001,4,250251010014,Block Group 4,G5030,S,195263,0,+42.2689983,-071.0968346,2101644.008,7956.976415,11,7956.976435,2101643.773
213,256,257,25,025,050400,1,250250504001,Block Group 1,G5030,S,38658,0,+42.3695655,-071.0394664,416079.1498,2660.693048,6,2660.693257,416079.2011
214,219,220,25,025,020302,1,250250203021,Block Group 1,G5030,S,76786,0,+42.3593442,-071.0639956,826458.1646,3960.52553,17,3960.525734,826458.2696
215,276,277,25,025,000201,4,250250002014,Block Group 4,G5030,S,85400,0,+42.3507536,-071.1616549,919183.0258,3977.470849,5,3977.470822,919183.1274
216,273,274,25,025,110501,1,250251105011,Block Group 1,G5030,S,154008,0,+42.2839884,-071.1393253,1657597.201,5747.478518,2,5747.478334,1657597.085
217,250,251,25,025,040801,1,250250408011,Block Group 1,G5030,S,59654,0,+42.3783180,-071.0577361,642075.041,3342.057722,2,3342.057679,642075.0164
218,278,279,25,025,080900,1,250250809001,Block Group 1,G5030,S,40886,0,+42.3345188,-071.1012435,440052.2567,3081.286182,6,3081.286109,440052.2307
219,257,258,25,025,050400,2,250250504002,Block Group 2,G5030,S,93323,0,+42.3676604,-071.0372538,1004443.152,3944.303549,6,3944.303829,1004443.118
220,265,266,25,025,110502,2,250251105022,Block Group 2,G5030,S,312442,0,+42.2818632,-071.1309263,3362856.38,10003.99735,6,10003.99715,3362856.31
221,269,270,25,025,110607,4,250251106074,Block Group 4,G5030,S,290444,0,+42.2941507,-071.1327901,3126092.68,7622.665656,4,8843.61422,3122097.333
222,255,256,25,025,050300,2,250250503002,Block Group 2,G5030,S,38726,0,+42.3707058,-071.0420890,416808.9987,2659.049336,3,2659.049621,416808.9958
223,270,271,25,025,110607,2,250251106072,Block Group 2,G5030,S,315147,0,+42.2879227,-071.1411366,3391959.335,8425.621795,2,8425.621909,3391959.537
224,230,231,25,025,101102,2,250251011022,Block Group 2,G5030,S,160976,0,+42.2795081,-071.0913701,1732605.598,6012.236712,12,6012.236576,1732605.62
225,238,239,25,025,040300,2,250250403002,Block Group 2,G5030,S,82247,0,+42.3771092,-071.0623805,885236.4232,4716.059948,5,4716.060317,885236.5228
226,218,219,25,025,040401,1,250250404011,Block Group 1,G5030,S,121181,0,+42.3775489,-071.0679622,1304291.534,5507.778545,4,5507.779177,1304291.427
227,221,222,25,025,030400,1,250250304001,Block Group 1,G5030,S,21383,0,+42.3639616,-071.0525981,230179.975,2504.032904,7,2504.032961,230180.0374
228,246,247,25,025,110403,3,250251104033,Block Group 3,G5030,S,160789,0,+42.2750974,-071.1243676,1730581.944,5975.425083,1,5975.424835,1730581.86
229,239,240,25,025,040300,4,250250403004,Block Group 4,G5030,S,40880,0,+42.3805057,-071.0639264,439999.0156,2894.287527,2,2894.287513,439999.0685
230,251,252,25,025,050101,1,250250501011,Block Group 1,G5030,S,110372,0,+42.3815757,-071.0363396,1187969.975,4687.134872,7,4687.134863,1187970.15
231,283,284,25,025,010600,2,250250106002,Block Group 2,G5030,S,148321,0,+42.3474763,-071.0820329,1596403.876,5157.572285,18,5157.572264,1596403.854
232,226,227,25,025,101002,3,250251010023,Block Group 3,G5030,S,426898,4637,+42.2745082,-071.0894017,4644667.072,13994.29192,20,13999.70904,4596860.177
233,223,224,25,025,030500,2,250250305002,Block Group 2,G5030,S,32464,0,+42.3651533,-071.0520248,349399.7735,2428.501179,11,2428.501026,349399.8165
234,274,275,25,025,040300,5,250250403005,Block Group 5,G5030,S,57668,0,+42.3791131,-071.0667001,620705.4871,3766.466114,5,3766.466584,620705.5732
235,244,245,25,025,110301,2,250251103012,Block Group 2,G5030,S,400856,0,+42.2887540,-071.1141806,4314475.388,10637.76454,5,10637.76455,4314475.52
236,287,288,25,025,140300,2,250251403002,Block Group 2,G5030,S,247622,0,+42.2594605,-071.1223048,2665208.914,7660.192563,3,7660.192631,2665208.807
237,241,242,25,025,110501,3,250251105013,Block Group 3,G5030,S,162039,0,+42.2845369,-071.1448196,1744054.66,5736.675724,1,5736.675913,1744054.721
238,253,254,25,025,050200,3,250250502003,Block Group 3,G5030,S,29731,0,+42.3785549,-071.0321677,320006.5435,3089.060962,1,3089.060837,320006.4907
239,227,228,25,025,101101,2,250251011012,Block Group 2,G5030,S,169601,0,+42.2816719,-071.0962620,1825433.537,8105.109917,18,8105.110061,1825433.585
240,272,273,25,025,091100,3,250250911003,Block Group 3,G5030,S,76684,0,+42.3148552,-071.0557563,825388.8216,4153.733004,2,4153.732928,825388.755
241,248,249,25,025,130300,1,250251303001,Block Group 1,G5030,S,305119,0,+42.2794156,-071.1466160,3284051.294,7350.638725,3,7350.638571,3284051.334
242,282,283,25,025,091700,2,250250917002,Block Group 2,G5030,S,78459,0,+42.3047084,-071.0668064,844465.4361,3746.138174,6,3746.138058,844465.3906
243,259,260,25,025,050700,2,250250507002,Block Group 2,G5030,S,62351,0,+42.3763704,-071.0338183,671102.1743,3853.624103,3,3853.624019,671102.1366
244,242,243,25,025,010104,2,250250101042,Block Group 2,G5030,S,82850,1436,+42.3501821,-071.0939206,907176.2451,5524.542009,9,6182.035579,894514.6339
245,243,244,25,025,981100,1,250259811001,Block Group 1,G5030,S,693387,6219,+42.2809575,-071.1081406,7529955.174,13723.20404,1,13723.20541,7529955.272
246,271,272,25,025,120104,2,250251201042,Block Group 2,G5030,S,302520,0,+42.3030494,-071.1168755,3256059.845,10795.68293,9,10795.68323,3256059.77
247,277,278,25,025,100700,3,250251007003,Block Group 3,G5030,S,186092,0,+42.2832067,-071.0496946,2002939.688,6626.372127,1,6626.372075,2002939.671
248,222,223,25,025,030500,1,250250305001,Block Group 1,G5030,S,137334,294934,+42.3675671,-071.0515811,4652555.027,11287.60885,1,13822.55856,1444006.574
249,229,230,25,025,101102,1,250251011021,Block Group 1,G5030,S,83070,0,+42.2824617,-071.0897987,894090.8915,4060.479975,6,4060.480191,894090.935
250,254,255,25,025,050300,1,250250503001,Block Group 1,G5030,S,230251,271366,+42.3738859,-071.0427784,5398980.615,10936.18097,11,16006.72431,2230144.547
251,286,287,25,025,081700,3,250250817003,Block Group 3,G5030,S,179944,0,+42.3207123,-071.0887774,1936767.279,5693.903329,9,5693.903619,1936767.199
252,275,276,25,025,092200,3,250250922003,Block Group 3,G5030,S,124885,0,+42.2922815,-071.0685737,1344147.018,5654.473162,5,5654.473293,1344146.959
253,231,232,25,025,101102,3,250251011023,Block Group 3,G5030,S,164614,0,+42.2774499,-071.0901159,1771752.884,8060.192275,4,8060.192188,1771752.792
254,240,241,25,025,040600,2,250250406002,Block Group 2,G5030,S,171706,0,+42.3814107,-071.0678069,1848129.164,6459.683161,11,6459.683549,1848129.184
255,284,285,25,025,082100,2,250250821002,Block Group 2,G5030,S,101804,0,+42.3074084,-071.0863907,1095733.68,4959.563978,8,4959.564462,1095733.742
256,234,235,25,025,040100,1,250250401001,Block Group 1,G5030,S,143327,62166,+42.3717784,-071.0594266,2211750.562,7985.505213,4,7559.844592,1519695.427
257,258,259,25,025,050700,1,250250507001,Block Group 1,G5030,S,86843,0,+42.3744344,-071.0355833,934699.2957,4073.134417,9,4073.134679,934699.3643
258,267,268,25,025,110601,1,250251106011,Block Group 1,G5030,S,1103961,8282,+42.2982511,-071.1399775,11971237.45,16597.70218,9,26991.86145,11805150.87
259,261,262,25,025,050700,3,250250507003,Block Group 3,G5030,S,118741,0,+42.3755381,-071.0312105,1278036.329,6083.077579,2,6083.077534,1278036.269
260,266,267,25,025,110502,3,250251105023,Block Group 3,G5030,S,148642,0,+42.2820293,-071.1359268,1599857.995,6597.544118,1,6597.544478,1599858.013
261,247,248,25,025,110403,2,250251104032,Block Group 2,G5030,S,201471,0,+42.2810783,-071.1256240,2168460.181,6833.094734,1,6833.093974,2168460.318
262,252,253,25,025,050101,3,250250501013,Block Group 3,G5030,S,75212,0,+42.3798201,-071.0362390,809530.457,4892.489672,6,4892.489793,809530.5666
263,264,265,25,025,110501,2,250251105012,Block Group 2,G5030,S,331790,0,+42.2801540,-071.1407878,3571102.397,8336.521694,4,8336.521784,3571102.521
264,233,234,25,025,981100,3,250259811003,Block Group 3,G5030,S,570555,1953,+42.2881698,-071.1019239,6161980.753,14201.5088,4,17638.50097,6139835.811
265,224,225,25,025,101002,1,250251010021,Block Group 1,G5030,S,192896,0,+42.2759023,-071.0799263,2076170.78,7582.825165,6,7582.825079,2076170.797
266,260,261,25,025,051000,1,250250510001,Block Group 1,G5030,S,334999,0,+42.3823328,-071.0160144,3605642.282,10897.62843,5,10900.10554,3605280.343
267,263,264,25,025,050901,1,250250509011,Block Group 1,G5030,S,203112,0,+42.3802737,-071.0255824,2186135.848,8065.004112,7,8065.003425,2186136.032
268,220,221,25,025,030100,2,250250301002,Block Group 2,G5030,S,32656,0,+42.3664584,-071.0570515,351488.6792,2720.109438,7,2720.109424,351488.6909
269,268,269,25,025,110601,2,250251106012,Block Group 2,G5030,S,302517,0,+42.2914450,-071.1428917,3256049.598,8518.337336,5,8518.337088,3256049.591
270,280,281,25,025,010802,1,250250108021,Block Group 1,G5030,S,60097,0,+42.3515651,-071.0853117,646855.9403,3660.524201,8,3660.524707,646855.9799
271,288,289,25,025,060501,3,250250605013,Block Group 3,G5030,S,85086,0,+42.3369024,-071.0417058,915805.0674,5649.668971,5,5649.668997,915805.2391
272,245,246,25,025,110401,1,250251104011,Block Group 1,G5030,S,214231,0,+42.2888939,-071.1221470,2305802.006,7103.690088,3,7103.690226,2305802.116
273,249,250,25,025,050600,1,250250506001,Block Group 1,G5030,S,88922,0,+42.3728581,-071.0372075,957079.5139,4184.708886,12,4184.708685,957079.5813
274,225,226,25,025,101002,2,250251010022,Block Group 2,G5030,S,545136,0,+42.2741598,-071.0849060,5867356.997,12384.10596,18,12384.10618,5867357.139
275,237,238,25,025,040200,2,250250402002,Block Group 2,G5030,S,86084,0,+42.3762829,-071.0579537,926516.0132,4410.591302,4,4410.592125,926516.0676
276,217,218,25,025,000301,3,250250003013,Block Group 3,G5030,S,80356,0,+42.3523733,-071.1701145,864888.6462,4945.073654,1,4945.073504,864888.519
277,289,290,25,025,000601,3,250250006013,Block Group 3,G5030,S,84833,0,+42.3526486,-071.1474681,913067.3137,5603.66674,1,5603.666529,913067.3742
278,232,233,25,025,101102,4,250251011024,Block Group 4,G5030,S,152532,0,+42.2774994,-071.0960673,1641703.598,6026.88669,11,6026.886518,1641703.525
279,228,229,25,025,101101,3,250251011013,Block Group 3,G5030,S,275899,0,+42.2881237,-071.0965212,2969564.152,9819.105503,5,13136.39402,2944840.128
280,279,280,25,025,010103,2,250250101032,Block Group 2,G5030,S,41728,0,+42.3499255,-071.0989491,449132.903,2788.453114,2,2788.453092,449132.7984
281,285,286,25,025,981202,1,250259812021,Block Group 1,G5030,S,465352,0,+42.3397113,-071.0332706,5008666.14,15263.25587,4,15278.71145,4928589.88
282,262,263,25,025,050901,2,250250509012,Block Group 2,G5030,S,87280,0,+42.3800883,-071.0308992,939421.3787,5830.773463,7,5830.773314,939421.2206
283,236,237,25,025,040200,1,250250402001,Block Group 1,G5030,S,55212,0,+42.3778748,-071.0549345,594260.7058,3125.906721,3,3125.906403,594260.6475
284,235,236,25,025,040100,2,250250401002,Block Group 2,G5030,S,120784,0,+42.3738223,-071.0619241,1300045.974,5725.325906,3,5725.325744,1300045.751
285,338,339,25,025,000401,4,250250004014,Block Group 4,G5030,S,152593,0,+42.3426472,-071.1518274,1642381.696,5727.769615,14,5727.768657,1642381.73
286,350,351,25,025,060400,5,250250604005,Block Group 5,G5030,S,87063,0,+42.3337719,-071.0457428,937063.2972,3701.441149,13,3701.441027,937063.3183
287,296,297,25,025,000704,3,250250007043,Block Group 3,G5030,S,39100,0,+42.3489037,-071.1320756,420839.9217,2882.812619,5,2882.812544,420840.0198
288,355,356,25,025,000502,1,250250005021,Block Group 1,G5030,S,159470,0,+42.3346466,-071.1521018,1716400.089,9409.609966,9,9326.229855,1686589.292
289,290,291,25,025,100601,2,250251006012,Block Group 2,G5030,S,148937,0,+42.2910041,-071.0549852,1603013.766,5362.96518,2,5362.965359,1603013.773
290,333,334,25,025,051200,1,250250512001,Block Group 1,G5030,S,233923,493577,+42.3635386,-071.0329491,7830223.485,18591.93592,3,22714.28496,2237615.137
291,330,331,25,025,010403,3,250250104033,Block Group 3,G5030,S,26269,0,+42.3449511,-071.0870534,282729.5043,2946.944912,6,2946.944575,282729.405
292,312,313,25,025,100100,2,250251001002,Block Group 2,G5030,S,80648,0,+42.2880583,-071.0848029,868024.4584,4716.26584,2,4716.265382,868024.6015
293,341,342,25,025,000402,3,250250004023,Block Group 3,G5030,S,261633,0,+42.3467811,-071.1562985,2816009.198,7684.503506,5,7684.503919,2816009.207
294,359,360,25,025,000601,4,250250006014,Block Group 4,G5030,S,88403,0,+42.3547013,-071.1472831,951495.425,4424.389962,2,4424.389916,951495.4536
295,332,333,25,025,060101,2,250250601012,Block Group 2,G5030,S,46927,0,+42.3336441,-071.0281344,505086.8895,3959.857336,2,3959.857601,505087.018
296,309,310,25,025,010103,1,250250101031,Block Group 1,G5030,S,101364,0,+42.3488230,-071.1023534,1091019.148,5822.080725,5,5783.568772,1085916.861
297,349,350,25,025,060400,4,250250604004,Block Group 4,G5030,S,86647,0,+42.3312763,-071.0451821,932597.1244,4991.357095,6,4991.356969,932597.1586
298,343,344,25,025,051000,2,250250510002,Block Group 2,G5030,S,576859,210157,+42.3905217,-071.0151938,8470793.28,16041.09629,5,15464.6492,6118568.661
299,293,294,25,025,110502,1,250251105021,Block Group 1,G5030,S,223216,0,+42.2849835,-071.1327427,2402490.174,7591.377963,9,7591.377519,2402490.094
300,326,327,25,025,092400,5,250250924005,Block Group 5,G5030,S,70844,0,+42.2965588,-071.0873677,762496.7805,3668.690598,7,3668.691041,762496.6928
301,301,302,25,025,120500,3,250251205003,Block Group 3,G5030,S,53267,0,+42.3217607,-071.1035172,573325.5464,3143.208366,4,3143.208559,573325.4963
302,294,295,25,025,140300,4,250251403004,Block Group 4,G5030,S,179291,0,+42.2663373,-071.1146083,1929721.025,6328.538641,2,6328.53863,1929721.002
303,313,314,25,025,091900,2,250250919002,Block Group 2,G5030,S,99936,0,+42.3013317,-071.0744328,1075610.569,5560.823505,3,5560.823411,1075610.55
304,339,340,25,025,000402,1,250250004021,Block Group 1,G5030,S,162121,0,+42.3420229,-071.1566343,1744930.067,5450.30616,8,5450.30593,1744929.995
305,307,308,25,025,092300,3,250250923003,Block Group 3,G5030,S,96991,0,+42.2929689,-071.0764440,1043933.115,4343.150091,2,4343.15029,1043933.149
306,315,316,25,025,080500,2,250250805002,Block Group 2,G5030,S,139952,0,+42.3360296,-071.0810029,1506325.491,5308.313371,12,5308.313201,1506325.623
307,316,317,25,025,081200,2,250250812002,Block Group 2,G5030,S,77110,0,+42.3244979,-071.1006109,829953.7232,4055.483755,23,4055.483499,829953.6979
308,306,307,25,025,100601,1,250251006011,Block Group 1,G5030,S,155969,0,+42.2917200,-071.0517464,1678731.908,5477.042431,8,5477.042568,1678731.884
309,319,320,25,025,060301,3,250250603013,Block Group 3,G5030,S,127127,0,+42.3347456,-071.0374276,1368291.503,5669.44991,10,5669.449765,1368291.348
310,329,330,25,025,060301,2,250250603012,Block Group 2,G5030,S,53482,0,+42.3308330,-071.0362514,575634.1045,3176.14647,6,3176.146763,575634.1599
311,321,322,25,025,060101,1,250250601011,Block Group 1,G5030,S,96144,0,+42.3370229,-071.0271869,1034808.831,4087.067926,3,4087.067656,1034808.751
312,337,338,25,025,000401,3,250250004013,Block Group 3,G5030,S,116847,0,+42.3458488,-071.1494913,1257651.2,5509.13246,1,5509.132596,1257651.177
313,292,293,25,025,051000,3,250250510003,Block Group 3,G5030,S,131362,0,+42.3842072,-071.0189398,1413882.838,5946.985073,3,5946.985345,1413882.724
314,291,292,25,025,082100,1,250250821001,Block Group 1,G5030,S,97929,0,+42.3096181,-071.0849236,1054021.745,4135.06628,11,4135.06644,1054021.87
315,335,336,25,025,981201,1,250259812011,Block Group 1,G5030,S,799562,1327740,+42.3289903,-071.0346023,22896478.34,36388.2288,8,46293.56371,8531834.465
316,353,354,25,025,120201,2,250251202012,Block Group 2,G5030,S,324751,0,+42.3068650,-071.1058089,3495317.587,7723.52839,13,7723.528307,3495317.544
317,323,324,25,025,060501,1,250250605011,Block Group 1,G5030,S,78181,0,+42.3367113,-071.0356236,841486.7078,4041.078288,4,4041.078404,841486.663
318,303,304,25,025,060200,2,250250602002,Block Group 2,G5030,S,101737,0,+42.3312475,-071.0333083,1095003.978,4608.083619,11,4608.084491,1095003.983
319,318,319,25,025,120301,3,250251203013,Block Group 3,G5030,S,199579,0,+42.3095872,-071.1010649,2148091.547,6852.767244,4,6852.767288,2148091.685
320,352,353,25,025,120105,1,250251201051,Block Group 1,G5030,S,785189,2315,+42.3052628,-071.1322017,8476011.686,13679.48503,6,14523.47099,8443482.608
321,346,347,25,025,060101,3,250250601013,Block Group 3,G5030,S,80162,0,+42.3348243,-071.0277312,862791.4437,4611.413352,1,4611.412554,862791.3719
322,308,309,25,025,060400,2,250250604002,Block Group 2,G5030,S,62546,0,+42.3322250,-071.0393789,673194.1867,3441.41259,5,3441.412785,673194.1683
323,351,352,25,025,000601,1,250250006011,Block Group 1,G5030,S,144820,0,+42.3529680,-071.1427061,1558726.781,6022.551625,1,6022.551301,1558726.769
324,300,301,25,025,081900,1,250250819001,Block Group 1,G5030,S,150395,0,+42.3177656,-071.0866160,1618732.571,6561.908262,7,6561.908197,1618732.707
325,357,358,25,025,000502,3,250250005023,Block Group 3,G5030,S,87336,0,+42.3396709,-071.1542089,940022.3115,4416.965695,13,4416.965366,940022.19
326,360,361,25,025,060700,1,250250607001,Block Group 1,G5030,S,89011,0,+42.3389590,-071.0535654,958025.5805,4095.688408,7,4095.688188,958025.5481
327,340,341,25,025,000402,2,250250004022,Block Group 2,G5030,S,383016,0,+42.3433039,-071.1614860,4122448.278,8252.473879,7,8252.47428,4122448.385
328,331,332,25,025,020101,2,250250201012,Block Group 2,G5030,S,57471,0,+42.3574613,-071.0719398,618588.1359,4200.663725,1,4200.663257,618588.0032
329,299,300,25,025,091700,1,250250917001,Block Group 1,G5030,S,156233,0,+42.3032311,-071.0643237,1681557.137,6542.173382,1,6542.173615,1681557.303
330,302,303,25,025,091100,1,250250911001,Block Group 1,G5030,S,108200,0,+42.3176178,-071.0541269,1164558.778,5165.932555,5,5165.932519,1164558.777
331,324,325,25,025,080601,2,250250806012,Block Group 2,G5030,S,214839,0,+42.3322457,-071.0889287,2312353.331,7250.620984,18,7250.621453,2312353.194
332,342,343,25,025,000503,2,250250005032,Block Group 2,G5030,S,75711,0,+42.3386691,-071.1511239,814882.2296,3625.844793,10,3625.844562,814882.2487
333,327,328,25,025,140102,1,250251401021,Block Group 1,G5030,S,204084,0,+42.2509975,-071.1332903,2196580.327,6257.187107,2,6257.187076,2196580.198
334,304,305,25,025,010801,1,250250108011,Block Group 1,G5030,S,32886,0,+42.3550209,-071.0737012,353959.781,2565.505178,7,2565.504757,353959.8259
335,347,348,25,025,060301,1,250250603011,Block Group 1,G5030,S,91910,0,+42.3332310,-071.0366910,989259.4957,5631.201732,15,5631.201758,989259.5283
336,344,345,25,025,051200,2,250250512002,Block Group 2,G5030,S,121750,0,+42.3663547,-071.0321512,1310417.696,6226.730858,13,6226.730255,1310417.717
337,322,323,25,025,071201,1,250250712011,Block Group 1,G5030,S,64997,0,+42.3419193,-071.0674493,699586.3063,4483.5707,6,4483.570705,699586.334
338,358,359,25,025,000502,4,250250005024,Block Group 4,G5030,S,250376,0,+42.3362872,-071.1661546,2694837.567,6909.312712,4,6916.355477,2673063.604
339,317,318,25,025,081700,5,250250817005,Block Group 5,G5030,S,154757,0,+42.3264164,-071.0854222,1665676.108,5344.047938,6,5344.047833,1665676.057
340,361,362,25,025,000701,4,250250007014,Block Group 4,G5030,S,65452,0,+42.3481081,-071.1364283,704462.7485,4104.725159,10,4104.72504,704462.7845
341,311,312,25,025,070600,2,250250706002,Block Group 2,G5030,S,67773,0,+42.3424977,-071.0769162,729461.7024,3444.809337,14,3444.808906,729461.6363
342,356,357,25,025,000502,2,250250005022,Block Group 2,G5030,S,350522,334529,+42.3315048,-071.1574973,7373333.752,12549.21698,7,20665.94369,3668335.54
343,305,306,25,025,040300,1,250250403001,Block Group 1,G5030,S,49354,0,+42.3793508,-071.0607435,531222.6248,2919.539989,2,2919.539596,531222.6212
344,310,311,25,025,110403,4,250251104034,Block Group 4,G5030,S,206593,0,+42.2785797,-071.1288922,2223595.128,6795.332762,3,6795.332872,2223595.227
345,325,326,25,025,060501,4,250250605014,Block Group 4,G5030,S,110154,0,+42.3370630,-071.0317713,1185594.446,5166.550765,3,5166.551031,1185594.6
346,345,346,25,025,051200,3,250250512003,Block Group 3,G5030,S,73739,0,+42.3653334,-071.0338717,793666.4445,5012.125408,2,5012.124998,793666.355
347,348,349,25,025,060400,3,250250604003,Block Group 3,G5030,S,80520,0,+42.3307905,-071.0401410,866661.3054,5437.447386,8,5437.447185,866661.2517
348,297,298,25,025,040300,3,250250403003,Block Group 3,G5030,S,49457,0,+42.3789261,-071.0634074,532306.1863,3882.554413,6,3882.55429,532306.1482
349,295,296,25,025,060200,1,250250602001,Block Group 1,G5030,S,68648,0,+42.3345010,-071.0317485,738883.332,4666.539628,2,4666.539761,738883.3477
350,336,337,25,025,050500,2,250250505002,Block Group 2,G5030,S,137017,0,+42.3716687,-071.0302094,1474741.56,6023.533974,1,6023.534022,1474741.661
351,328,329,25,025,060101,4,250250601014,Block Group 4,G5030,S,72390,0,+42.3324142,-071.0290053,779138.4319,4581.097634,5,4581.097668,779138.3256
352,354,355,25,025,120301,1,250251203011,Block Group 1,G5030,S,141686,0,+42.3164418,-071.1014314,1525003.703,5407.19025,4,5407.1899,1525003.551
353,362,363,25,025,000703,1,250250007031,Block Group 1,G5030,S,72956,0,+42.3507029,-071.1271446,785229.393,6485.605387,10,6488.856987,783930.5727
354,334,335,25,025,981800,1,250259818001,Block Group 1,G5030,S,714839,371484,+42.3231248,-071.1169865,11692289.9,41115.57511,6,65860.59136,7509469.83
355,314,315,25,025,080500,1,250250805001,Block Group 1,G5030,S,104124,0,+42.3352202,-071.0845321,1120700.036,6114.634824,13,6114.634418,1120699.983
356,298,299,25,025,050200,1,250250502001,Block Group 1,G5030,S,96798,0,+42.3781552,-071.0374065,1041860.578,4460.266439,7,4460.266469,1041860.614
357,320,321,25,025,090600,2,250250906002,Block Group 2,G5030,S,185325,0,+42.3235638,-071.0705276,1994667.383,6208.488932,3,6208.488795,1994667.383
358,410,411,25,025,081001,1,250250810011,Block Group 1,G5030,S,83483,0,+42.3301557,-071.1038702,898546.7376,6667.900363,5,6667.899888,898546.5947
359,434,435,25,025,092300,2,250250923002,Block Group 2,G5030,S,78411,0,+42.2920679,-071.0730507,843951.0084,3824.843001,9,3824.843152,843951.0151
360,414,415,25,025,140102,3,250251401023,Block Group 3,G5030,S,513541,0,+42.2388809,-071.1397799,5527290.017,9713.485445,5,9705.045984,5515846.255
361,375,376,25,025,120400,4,250251204004,Block Group 4,G5030,S,251383,0,+42.3148680,-071.1115558,2705670.588,7412.539751,11,7412.539966,2705670.672
362,386,387,25,025,130300,4,250251303004,Block Group 4,G5030,S,240615,0,+42.2733372,-071.1475367,2589761.233,6499.61822,1,6499.617711,2589761.124
363,364,365,25,025,060700,2,250250607002,Block Group 2,G5030,S,39216,0,+42.3375293,-071.0546728,422093.9633,3505.835107,2,3505.834848,422093.9974
364,391,392,25,025,130200,1,250251302001,Block Group 1,G5030,S,197883,0,+42.2902204,-071.1491374,2129860.461,7269.813645,3,7269.81317,2129860.362
365,403,404,25,025,130404,1,250251304041,Block Group 1,G5030,S,1192859,35273,+42.2703606,-071.1524973,13218545.1,15882.04317,30,17762.22184,13166125.26
366,409,410,25,025,080900,3,250250809003,Block Group 3,G5030,S,106856,0,+42.3327698,-071.1035101,1150117.372,4910.841815,15,4910.841826,1150117.513
367,432,433,25,025,050500,1,250250505001,Block Group 1,G5030,S,135225,0,+42.3700380,-071.0336634,1455451.957,5104.062858,5,5104.063121,1455451.962
368,422,423,25,025,081800,2,250250818002,Block Group 2,G5030,S,106704,0,+42.3206133,-071.0790856,1148478.366,5481.190496,3,5481.190793,1148478.483
369,417,418,25,025,081500,2,250250815002,Block Group 2,G5030,S,180331,0,+42.3182822,-071.0934554,1940941.059,5860.599187,9,5860.599621,1940941.049
370,366,367,25,025,060800,2,250250608002,Block Group 2,G5030,S,63565,0,+42.3346617,-071.0511730,684164.0892,3808.915591,5,3808.91569,684164.1027
371,378,379,25,025,120700,1,250251207001,Block Group 1,G5030,S,228192,0,+42.3250732,-071.1097180,2456062.684,8243.027292,7,8243.026732,2456062.746
372,406,407,25,025,130404,2,250251304042,Block Group 2,G5030,S,408681,0,+42.2627582,-071.1607461,4398683.623,9406.18041,2,9406.180259,4398683.486
373,382,383,25,025,000703,2,250250007032,Block Group 2,G5030,S,105045,0,+42.3517628,-071.1289628,1130595.809,4802.877369,9,4802.877328,1130595.774
374,430,431,25,025,020200,2,250250202002,Block Group 2,G5030,S,29678,0,+42.3602176,-071.0677767,319426.1376,2294.118011,17,2294.118369,319426.1797
375,381,382,25,025,120600,3,250251206003,Block Group 3,G5030,S,87279,0,+42.3176733,-071.1098831,939397.1992,4264.435435,2,4264.435613,939397.2566
376,367,368,25,025,061000,1,250250610001,Block Group 1,G5030,S,65215,0,+42.3327461,-071.0487224,701926.722,3583.593621,5,3583.594204,701926.7011
377,379,380,25,025,120600,1,250251206001,Block Group 1,G5030,S,91790,0,+42.3205296,-071.1078832,987954.7188,4400.133586,1,4400.133459,987954.7651
378,388,389,25,025,070600,1,250250706001,Block Group 1,G5030,S,65263,0,+42.3440477,-071.0738024,702443.792,3610.03913,11,3610.039126,702443.8626
379,418,419,25,025,081700,1,250250817001,Block Group 1,G5030,S,78820,0,+42.3233336,-071.0833827,848349.0842,5111.395425,6,5111.395238,848349.1382
380,368,369,25,025,061000,2,250250610002,Block Group 2,G5030,S,50911,0,+42.3313506,-071.0498369,547975.9186,3736.6676,4,3736.667916,547975.9007
381,398,399,25,025,080100,1,250250801001,Block Group 1,G5030,S,936208,0,+42.3297575,-071.0699046,10076504.52,15869.82777,145,15869.8272,10076504.33
382,415,416,25,025,081900,2,250250819002,Block Group 2,G5030,S,79141,0,+42.3161025,-071.0896021,851816.6679,3782.067792,2,3782.067833,851816.6611
383,405,406,25,025,130406,2,250251304062,Block Group 2,G5030,S,650881,0,+42.2617617,-071.1513818,7005516.52,12393.77993,10,12393.78006,7005516.309
384,384,385,25,025,000704,4,250250007044,Block Group 4,G5030,S,48433,0,+42.3496588,-071.1332243,521301.5161,3502.865944,5,3502.865946,521301.5263
385,401,402,25,025,080601,1,250250806011,Block Group 1,G5030,S,231253,0,+42.3364042,-071.0878188,2488997.073,9797.611738,13,9797.611895,2488996.805
386,376,377,25,025,120400,5,250251204005,Block Group 5,G5030,S,251192,0,+42.3187767,-071.1142908,2703613.276,7798.73105,12,7798.73134,2703613.188
387,396,397,25,025,071101,2,250250711012,Block Group 2,G5030,S,56581,0,+42.3343629,-071.0755829,608991.254,4366.010563,12,4366.011222,608991.2181
388,370,371,25,025,061000,3,250250610003,Block Group 3,G5030,S,43452,0,+42.3306112,-071.0518471,467667.2204,3098.678141,7,3098.678059,467667.1951
389,397,398,25,025,071201,2,250250712012,Block Group 2,G5030,S,228996,0,+42.3394600,-071.0657261,2464743.516,8782.953166,17,8782.952835,2464743.303
390,365,366,25,025,060800,1,250250608001,Block Group 1,G5030,S,65318,0,+42.3351348,-071.0483041,703030.796,3659.509751,7,3659.509465,703030.7784
391,400,401,25,025,080401,2,250250804012,Block Group 2,G5030,S,145712,0,+42.3327277,-071.0841251,1568312.934,5845.227334,28,5845.227497,1568313.047
392,426,427,25,025,140102,4,250251401024,Block Group 4,G5030,S,804333,33348,+42.2500418,-071.1416934,9016067.226,14187.30694,2,19990.21637,8295765.864
393,372,373,25,025,120400,1,250251204001,Block Group 1,G5030,S,164211,0,+42.3138351,-071.1072474,1767430.64,6407.529637,6,6407.529214,1767430.633
394,423,424,25,025,081900,3,250250819003,Block Group 3,G5030,S,102649,0,+42.3146951,-071.0913601,1104818.613,4851.456769,7,4851.456885,1104818.556
395,395,396,25,025,070700,2,250250707002,Block Group 2,G5030,S,75036,0,+42.3444939,-071.0773217,807632.0328,4222.232419,4,4222.232416,807632.0561
396,369,370,25,025,120500,1,250251205001,Block Group 1,G5030,S,96805,0,+42.3196403,-071.1035230,1041935.566,6009.478308,7,6009.478339,1041935.665
397,429,430,25,025,140201,2,250251402012,Block Group 2,G5030,S,764665,52743,+42.2338304,-071.1317987,8797831.544,13523.77542,9,15352.40348,8697703.873
398,416,417,25,025,081500,1,250250815001,Block Group 1,G5030,S,155962,0,+42.3235356,-071.0922882,1678642.068,6353.83792,2,6353.838401,1678642.161
399,404,405,25,025,130300,5,250251303005,Block Group 5,G5030,S,203639,0,+42.2779931,-071.1559926,2191788.644,8486.0859,4,8486.085718,2191788.654
400,377,378,25,025,120500,2,250251205002,Block Group 2,G5030,S,63634,0,+42.3212855,-071.1058096,684910.6589,3893.626345,4,3893.62704,684910.7366
401,394,395,25,025,130300,2,250251303002,Block Group 2,G5030,S,365075,0,+42.2833882,-071.1512024,3929333.621,8499.339647,3,8499.339563,3929333.419
402,389,390,25,025,070700,1,250250707001,Block Group 1,G5030,S,87661,0,+42.3470716,-071.0751483,943506.2516,5112.847863,18,5112.848092,943506.1305
403,421,422,25,025,081800,1,250250818001,Block Group 1,G5030,S,130517,0,+42.3233736,-071.0807399,1404772.202,5124.359449,6,5124.359063,1404771.989
404,399,400,25,025,080100,2,250250801002,Block Group 2,G5030,S,90456,0,+42.3249190,-071.0769975,973599.4814,4213.725594,4,4213.725305,973599.4995
405,374,375,25,025,120400,3,250251204003,Block Group 3,G5030,S,188297,0,+42.3094092,-071.1133069,2026674.254,7926.814654,10,7926.815177,2026674.238
406,425,426,25,025,060800,3,250250608003,Block Group 3,G5030,S,65246,0,+42.3371493,-071.0500757,702249.9505,3483.350406,9,3483.350619,702249.8489
407,393,394,25,025,130200,4,250251302004,Block Group 4,G5030,S,257085,0,+42.2849451,-071.1600751,2767039.348,8242.035148,8,8242.035433,2767039.453
408,385,386,25,025,000704,1,250250007041,Block Group 1,G5030,S,109787,0,+42.3513857,-071.1339732,1181640.01,4591.545218,9,4591.544808,1181639.986
409,392,393,25,025,130200,3,250251302003,Block Group 3,G5030,S,511125,0,+42.2882552,-071.1570262,5501287.002,11081.64532,13,11081.64594,5501287.048
410,433,434,25,025,090300,2,250250903002,Block Group 2,G5030,S,162906,0,+42.3098921,-071.0777390,1753375.701,7790.488121,9,7790.487576,1753375.681
411,402,403,25,025,130300,3,250251303003,Block Group 3,G5030,S,328016,0,+42.2790788,-071.1530258,3530457.042,10483.76472,3,10483.7644,3530457.177
412,380,381,25,025,120600,2,250251206002,Block Group 2,G5030,S,78226,0,+42.3190139,-071.1087877,841967.6316,4162.167831,3,4162.168318,841967.481
413,390,391,25,025,120700,2,250251207002,Block Group 2,G5030,S,82406,0,+42.3222360,-071.1145334,886949.0725,3761.884515,4,3761.88441,886949.1845
414,371,372,25,025,061101,2,250250611012,Block Group 2,G5030,S,115604,0,+42.3255967,-071.0540446,1244248.457,6155.677549,6,6155.677812,1244248.448
415,419,420,25,025,081700,2,250250817002,Block Group 2,G5030,S,124299,0,+42.3201187,-071.0837734,1337851.341,4833.075605,7,4833.075336,1337851.248
416,412,413,25,025,130402,4,250251304024,Block Group 4,G5030,S,918596,32105,+42.2743961,-071.1701981,10232486.52,23975.60669,12,25268.64149,9875707.427
417,424,425,25,025,081900,4,250250819004,Block Group 4,G5030,S,101196,0,+42.3123674,-071.0924702,1089201.104,4584.652597,4,4584.652047,1089200.999
418,383,384,25,025,000704,2,250250007042,Block Group 2,G5030,S,42459,0,+42.3472370,-071.1344075,456999.2512,4338.051544,5,4338.351576,456467.2046
419,413,414,25,025,140102,2,250251401022,Block Group 2,G5030,S,565691,42112,+42.2440702,-071.1330053,6541839.341,13684.90746,6,21795.40579,6168205.856
420,420,421,25,025,081700,4,250250817004,Block Group 4,G5030,S,96055,0,+42.3232510,-071.0869793,1033856.582,4872.357313,14,4872.357598,1033856.625
421,373,374,25,025,120400,2,250251204002,Block Group 2,G5030,S,144763,0,+42.3097321,-071.1101655,1558107.342,6618.262361,5,6618.262397,1558107.381
422,407,408,25,025,981300,1,250259813001,Block Group 1,G5030,S,6986630,2032636,+42.3615186,-071.0073933,97076107.4,52661.5085,3,64548.28699,66731463.14
423,428,429,25,025,140201,1,250251402011,Block Group 1,G5030,S,557671,47022,+42.2429753,-071.1268006,6508392.718,17260.83506,5,25583.7284,6067811.364
424,411,412,25,025,081001,3,250250810013,Block Group 3,G5030,S,26907,0,+42.3337173,-071.1075951,289594.7,2540.14084,8,2540.140775,289594.7338
425,427,428,25,025,140107,2,250251401072,Block Group 2,G5030,S,134727,0,+42.2536923,-071.1304186,1450080.478,5427.097483,1,5427.097143,1450080.503
426,387,388,25,025,140300,3,250251403003,Block Group 3,G5030,S,396258,22406,+42.2520190,-071.1244803,4506116.523,10132.72881,10,14532.50044,4347177.633
427,408,409,25,025,080601,3,250250806013,Block Group 3,G5030,S,115573,0,+42.3294220,-071.0868515,1243917.512,6359.302276,24,6359.302168,1243917.468
428,363,364,25,025,060501,5,250250605015,Block Group 5,G5030,S,74540,0,+42.3371090,-071.0453496,802276.3686,3892.73255,2,3892.732475,802276.3149
429,484,485,25,025,981202,2,250259812022,Block Group 2,G5030,S,1231101,850180,+42.3470233,-071.0257810,22401178.89,33527.0977,11,38881.05204,13369743.1
430,466,467,25,025,090700,4,250250907004,Block Group 4,G5030,S,623384,0,+42.3258033,-071.0623428,6709604.643,11187.84293,52,11187.84317,6709604.75
431,506,507,25,025,070302,3,250250703023,Block Group 3,G5030,S,83261,0,+42.3495376,-071.0708475,896158.2616,4868.971099,19,4868.971011,896158.3204
432,463,464,25,025,090600,1,250250906001,Block Group 1,G5030,S,116340,0,+42.3219991,-071.0750593,1252198.751,4750.130491,4,4750.130351,1252198.839
433,500,501,25,025,030301,1,250250303011,Block Group 1,G5030,S,68023,113869,+42.3591948,-071.0496147,1957734.701,6322.646491,6,8845.918987,736883.9108
434,453,454,25,025,140202,2,250251402022,Block Group 2,G5030,S,265354,0,+42.2432103,-071.1217950,2856047.83,7713.365933,5,7712.42274,2855644.463
435,451,452,25,025,090400,3,250250904003,Block Group 3,G5030,S,108018,0,+42.3186780,-071.0732430,1162585.597,6054.853326,1,6054.853923,1162585.574
436,454,455,25,025,091100,2,250250911002,Block Group 2,G5030,S,99679,0,+42.3139412,-071.0536030,1072856.218,4590.214356,4,4590.213901,1072856.173
437,507,508,25,025,130402,1,250251304021,Block Group 1,G5030,S,426315,0,+42.2701735,-071.1686414,4588476.717,11360.35527,12,11360.35488,4588476.585
438,441,442,25,025,090100,2,250250901002,Block Group 2,G5030,S,69095,0,+42.3037930,-071.0806631,743685.6567,3338.421693,10,3338.421651,743685.7102
439,470,471,25,025,140400,4,250251404004,Block Group 4,G5030,S,150305,0,+42.2657754,-071.1087087,1617752.966,5835.027731,4,5835.027757,1617753.026
440,462,463,25,025,090400,4,250250904004,Block Group 4,G5030,S,74520,0,+42.3200838,-071.0744443,802065.0399,4572.892424,3,4572.892669,802065.0053
441,438,439,25,025,082000,2,250250820002,Block Group 2,G5030,S,114886,0,+42.3126934,-071.0857453,1236529.051,4920.317805,6,4920.318272,1236529.041
442,465,466,25,025,090700,3,250250907003,Block Group 3,G5030,S,117677,0,+42.3203438,-071.0589536,1266557.727,4805.05644,13,4805.056014,1266557.624
443,467,468,25,025,090901,1,250250909011,Block Group 1,G5030,S,272610,56272,+42.3212167,-071.0461253,3539801.879,8200.458607,7,7869.234246,2976590.284
444,471,472,25,025,140400,5,250251404005,Block Group 5,G5030,S,270017,0,+42.2702138,-071.1078263,2906222.59,8173.85283,7,8173.852738,2906222.52
445,498,499,25,025,130101,5,250251301015,Block Group 5,G5030,S,414125,0,+42.2823634,-071.1681031,4457265.894,10841.60143,5,10841.60062,4457265.859
446,499,500,25,025,000806,2,250250008062,Block Group 2,G5030,S,846974,0,+42.3662375,-071.1262588,9116143.592,16611.25961,5,16611.25994,9116143.678
447,448,449,25,025,090400,1,250250904001,Block Group 1,G5030,S,108218,0,+42.3163785,-071.0746841,1164763.306,4515.075665,4,4515.075784,1164763.195
448,436,437,25,025,100601,4,250251006014,Block Group 4,G5030,S,139116,0,+42.2897988,-071.0613219,1497329.521,5202.696263,5,5202.69588,1497329.636
449,468,469,25,025,091001,2,250250910012,Block Group 2,G5030,S,347749,0,+42.3078103,-071.0552131,3742870.812,11168.36777,14,11168.36771,3742870.977
450,472,473,25,025,140400,6,250251404006,Block Group 6,G5030,S,694806,0,+42.2720454,-071.1148547,7478274.499,12422.18293,4,12422.18258,7478274.323
451,479,480,25,025,000102,2,250250001022,Block Group 2,G5030,S,896291,0,+42.3590350,-071.1446229,9646944.098,21868.44038,24,21868.4404,9646944.184
452,469,470,25,025,140400,3,250251404003,Block Group 3,G5030,S,239328,11680,+42.2616786,-071.1033245,2701639.526,7719.094232,7,7755.413799,2572245.372
453,483,484,25,025,030200,2,250250302002,Block Group 2,G5030,S,39370,0,+42.3646968,-071.0574361,423740.3148,3678.416845,9,3678.416407,423740.3598
454,486,487,25,025,020305,1,250250203051,Block Group 1,G5030,S,222368,71961,+42.3670321,-071.0639455,3167928.056,8244.227292,16,13003.74262,2367228.893
455,474,475,25,025,110105,1,250251101051,Block Group 1,G5030,S,348074,0,+42.2988673,-071.1114074,3746366.72,9846.512298,16,9846.511868,3746366.826
456,464,465,25,025,090700,1,250250907001,Block Group 1,G5030,S,225571,0,+42.3218229,-071.0548551,2427844.525,7339.368877,12,7339.368664,2427844.67
457,443,444,25,025,090100,4,250250901004,Block Group 4,G5030,S,105076,0,+42.3006819,-071.0808396,1130938.529,7695.362498,10,7695.361912,1130938.523
458,485,486,25,025,061201,1,250250612011,Block Group 1,G5030,S,562013,0,+42.3326075,-071.0576503,6049015.686,11290.83508,48,11290.83495,6049015.802
459,461,462,25,025,130200,5,250251302005,Block Group 5,G5030,S,226624,0,+42.2835735,-071.1636780,2439186.046,7384.096795,3,7384.097087,2439186.258
460,487,488,25,025,020304,1,250250203041,Block Group 1,G5030,S,39344,0,+42.3652257,-071.0591678,423474.6672,3228.931738,7,3228.931679,423474.6447
461,477,478,25,025,061203,1,250250612031,Block Group 1,G5030,S,352712,13894,+42.3416085,-071.0566283,3945846.068,11504.54831,23,10833.69246,3804972.524
462,439,440,25,025,082000,3,250250820003,Block Group 3,G5030,S,112981,0,+42.3152446,-071.0853695,1216040.374,4648.111802,6,4648.112082,1216040.318
463,492,493,25,025,010206,1,250250102061,Block Group 1,G5030,S,115852,0,+42.3459717,-071.0965875,1246938.317,5722.579585,11,5722.579619,1246938.238
464,444,445,25,025,090100,5,250250901005,Block Group 5,G5030,S,74172,0,+42.2988518,-071.0811347,798334.8267,4822.330632,2,4822.329904,798334.7257
465,496,497,25,025,130101,2,250251301012,Block Group 2,G5030,S,773849,0,+42.2942023,-071.1708976,8329013.905,12859.2529,2,18039.54599,8237970.936
466,446,447,25,025,090300,1,250250903001,Block Group 1,G5030,S,134435,0,+42.3110125,-071.0744114,1446935.018,5720.295644,4,5720.295459,1446935.038
467,476,477,25,025,010205,1,250250102051,Block Group 1,G5030,S,45373,0,+42.3423607,-071.0980561,488356.8266,2898.29744,6,2898.297596,488356.8938
468,495,496,25,025,130101,1,250251301011,Block Group 1,G5030,S,744672,2565,+42.2990354,-071.1625454,8042621.428,12045.63281,6,15213.17373,7976021.204
469,475,476,25,025,010205,2,250250102052,Block Group 2,G5030,S,40462,0,+42.3418556,-071.0999861,435497.1901,2794.678233,4,2794.677605,435497.1253
470,505,506,25,025,020304,2,250250203042,Block Group 2,G5030,S,105710,0,+42.3636140,-071.0616719,1137771.128,4775.335161,13,4775.335207,1137771.242
471,493,494,25,025,010404,4,250250104044,Block Group 4,G5030,S,37051,0,+42.3425275,-071.0874300,398793.3342,3636.062488,4,3636.062629,398793.3729
472,480,481,25,025,070103,1,250250701031,Block Group 1,G5030,S,107596,0,+42.3478532,-071.0598082,1158135.536,5861.265662,3,5861.265196,1158135.404
473,437,438,25,025,082000,1,250250820001,Block Group 1,G5030,S,164289,0,+42.3134560,-071.0817144,1768286.662,6002.018913,12,6002.018813,1768286.482
474,481,482,25,025,070201,1,250250702011,Block Group 1,G5030,S,33090,0,+42.3480400,-071.0658620,356163.9998,2716.243303,2,2716.24359,356163.9882
475,457,458,25,025,140300,1,250251403001,Block Group 1,G5030,S,205436,9302,+42.2572832,-071.1176781,2311240.927,7554.334638,2,7575.130744,2221171.276
476,455,456,25,025,140300,6,250251403006,Block Group 6,G5030,S,277147,0,+42.2632165,-071.1131174,2982966.423,7065.470047,3,7065.470265,2982966.593
477,440,441,25,025,090100,1,250250901001,Block Group 1,G5030,S,109636,0,+42.3056046,-071.0832007,1180040.644,4791.089307,11,4791.089008,1180040.65
478,488,489,25,025,130101,6,250251301016,Block Group 6,G5030,S,283147,0,+42.2939213,-071.1555597,3047526.806,8229.642373,5,8236.946324,3042045.617
479,473,474,25,025,140400,7,250251404007,Block Group 7,G5030,S,254564,0,+42.2737843,-071.1205454,2739911.11,9079.321107,5,9079.321304,2739910.939
480,478,479,25,025,030302,1,250250303021,Block Group 1,G5030,S,477388,0,+42.3601404,-071.0577232,5138176.878,9705.417326,72,9705.417486,5138176.727
481,490,491,25,025,000506,1,250250005061,Block Group 1,G5030,S,100847,0,+42.3414576,-071.1443236,1085432.904,6683.71962,15,6617.558744,1081211.499
482,442,443,25,025,090100,3,250250901003,Block Group 3,G5030,S,88985,0,+42.3022349,-071.0837484,957758.3632,3991.755244,12,3991.755286,957758.332
483,447,448,25,025,090300,3,250250903003,Block Group 3,G5030,S,83053,0,+42.3128625,-071.0774734,893915.054,4196.434341,8,4196.434438,893915.0791
484,450,451,25,025,090400,2,250250904002,Block Group 2,G5030,S,134383,0,+42.3149589,-071.0760566,1446373.765,7110.542997,12,7110.54297,1446373.856
485,489,490,25,025,000505,1,250250005051,Block Group 1,G5030,S,42554,0,+42.3446292,-071.1415480,458027.0308,2792.487108,6,2792.487303,458027.0227
486,460,461,25,025,110403,1,250251104031,Block Group 1,G5030,S,158279,7697,+42.2794335,-071.1225025,1786427.135,6187.591231,8,6187.591247,1786427.15
487,458,459,25,025,140400,1,250251404001,Block Group 1,G5030,S,74470,0,+42.2649046,-071.1017200,801532.4811,3999.877714,5,3999.877569,801532.4485
488,504,505,25,025,030400,4,250250304004,Block Group 4,G5030,S,60131,0,+42.3624304,-071.0527755,647210.1735,3509.104529,8,3509.104266,647210.1145
489,449,450,25,025,140202,4,250251402024,Block Group 4,G5030,S,405524,6159,+42.2482282,-071.1177336,4430985.339,9134.621503,4,9244.481477,4386094.317
490,435,436,25,025,090200,1,250250902001,Block Group 1,G5030,S,72044,0,+42.3061100,-071.0766991,775423.9514,4997.998699,10,4997.998264,775423.9754
491,502,503,25,025,081101,1,250250811011,Block Group 1,G5030,S,23526,0,+42.3309352,-071.1123046,253201.4553,2092.794685,2,2092.794172,253201.447
492,482,483,25,025,000806,3,250250008063,Block Group 3,G5030,S,401867,0,+42.3572615,-071.1224541,4325370.53,9958.668991,2,9958.668825,4325370.56
493,445,446,25,025,090200,2,250250902002,Block Group 2,G5030,S,84746,0,+42.3064988,-071.0804839,912144.0836,4850.244709,8,4850.24419,912144.0353
494,456,457,25,025,140300,5,250251403005,Block Group 5,G5030,S,243125,7028,+42.2601680,-071.1147630,2692421.799,10618.36216,10,10672.51799,2618418.68
495,459,460,25,025,140400,2,250251404002,Block Group 2,G5030,S,191022,0,+42.2662212,-071.1046173,2055985.524,5853.983099,2,5853.983286,2055985.6
496,494,495,25,025,000604,2,250250006042,Block Group 2,G5030,S,122302,0,+42.3505550,-071.1424306,1316352.421,5475.852239,10,5475.852184,1316352.383
497,503,504,25,025,000505,2,250250005052,Block Group 2,G5030,S,47064,0,+42.3414076,-071.1421482,506550.0639,3495.72206,4,3480.720954,498837.6396
498,501,502,25,025,000807,1,250250008071,Block Group 1,G5030,S,218594,0,+42.3524656,-071.1168882,2352744.812,7594.457919,11,7594.457551,2352744.814
499,512,513,25,025,010600,3,250250106003,Block Group 3,G5030,S,102064,0,+42.3490532,-071.0758914,1098539.915,5534.59499,20,5534.59511,1098540.034
500,522,523,25,025,000603,1,250250006031,Block Group 1,G5030,S,312487,0,+42.3476014,-071.1449263,3363357.862,7574.79001,26,7574.789836,3363357.967
501,526,527,25,025,081200,3,250250812003,Block Group 3,G5030,S,75808,0,+42.3248049,-071.1029674,815921.9218,3846.825741,3,3846.825627,815921.9149
502,571,572,25,025,081001,5,250250810015,Block Group 5,G5030,S,275976,0,+42.3367978,-071.1065321,2970388.572,7885.238579,25,7885.238608,2970388.557
503,543,544,25,025,081400,4,250250814004,Block Group 4,G5030,S,91074,0,+42.3287318,-071.0980420,980242.042,6113.160274,7,6113.160275,980241.9005
504,548,549,25,025,000101,2,250250001012,Block Group 2,G5030,S,109622,0,+42.3597321,-071.1330269,1179888.751,5550.078404,1,5550.078463,1179888.665
505,568,569,25,025,130101,3,250251301013,Block Group 3,G5030,S,264089,0,+42.2909418,-071.1636268,2842410.451,7477.597727,2,7477.597379,2842410.348
506,516,517,25,025,981900,1,250259819001,Block Group 1,G5030,S,233864,106064,+42.2783928,-071.1790082,3658681.876,9162.333513,1,9807.367101,2543678.316
507,547,548,25,025,070201,2,250250702012,Block Group 2,G5030,S,110941,0,+42.3505916,-071.0652322,1194080.396,4880.22915,21,4880.229097,1194080.351
508,558,559,25,025,081101,2,250250811012,Block Group 2,G5030,S,94257,0,+42.3260739,-071.1124878,1014493.476,6289.461971,6,6289.461893,1014493.37
509,514,515,25,025,070402,2,250250704022,Block Group 2,G5030,S,125544,0,+42.3460402,-071.0670194,1351242.409,4529.308728,12,4529.308529,1351242.37
510,536,537,25,025,010205,4,250250102054,Block Group 4,G5030,S,59380,0,+42.3447377,-071.0991197,639123.5167,3508.838788,6,3508.838611,639123.5274
511,564,565,25,025,981100,2,250259811002,Block Group 2,G5030,S,994875,10918,+42.2950608,-071.1068898,10825422.74,15166.38729,1,16895.49152,10684612.56
512,554,555,25,025,070501,1,250250705011,Block Group 1,G5030,S,55548,0,+42.3439713,-071.0694499,597871.9723,3191.398965,4,3191.398983,597871.976
513,517,518,25,025,070102,2,250250701022,Block Group 2,G5030,S,26533,0,+42.3541052,-071.0630355,285585.434,2168.219861,14,2168.220066,285585.4692
514,552,553,25,025,000701,2,250250007012,Block Group 2,G5030,S,55255,0,+42.3457801,-071.1380950,594705.7321,3384.08792,3,3384.087766,594705.7422
515,540,541,25,025,030400,2,250250304002,Block Group 2,G5030,S,41092,0,+42.3656343,-071.0542488,442280.2022,2794.696398,18,2794.696461,442280.1842
516,576,577,25,025,081302,1,250250813021,Block Group 1,G5030,S,84500,0,+42.3152096,-071.0958863,909490.4548,3892.285865,15,3892.285738,909490.5214
517,546,547,25,025,081200,1,250250812001,Block Group 1,G5030,S,116343,0,+42.3239912,-071.1063480,1252223.393,5114.412639,6,5114.412247,1252223.418
518,523,524,25,025,070302,1,250250703021,Block Group 1,G5030,S,59739,0,+42.3493394,-071.0679799,642992.8971,3342.577136,4,3342.577257,642992.949
519,531,532,25,025,000805,3,250250008053,Block Group 3,G5030,S,138949,0,+42.3534054,-071.1238623,1495523.507,6234.093424,7,6234.093714,1495523.438
520,555,556,25,025,101101,1,250251011011,Block Group 1,G5030,S,142066,0,+42.2824133,-071.0941760,1529081.97,4975.264383,5,4975.264762,1529082.052
521,557,558,25,025,000506,2,250250005062,Block Group 2,G5030,S,88059,0,+42.3386600,-071.1477063,947802.8355,5052.222553,3,5067.617952,940981.6597
522,521,522,25,025,000102,1,250250001021,Block Group 1,G5030,S,171144,0,+42.3593214,-071.1406663,1842064.168,5927.353265,1,5927.353212,1842064.152
523,529,530,25,025,081302,2,250250813022,Block Group 2,G5030,S,260181,0,+42.3212419,-071.0967814,2800355.962,8919.592782,11,8919.593053,2800355.978
524,559,560,25,025,081001,2,250250810012,Block Group 2,G5030,S,85260,0,+42.3323303,-071.1072327,917679.0246,5086.854136,8,5086.8542,917678.913
525,578,579,25,025,071101,3,250250711013,Block Group 3,G5030,S,57244,0,+42.3380567,-071.0729569,616129.7267,3181.849637,5,3181.849846,616129.7511
526,534,535,25,025,081400,1,250250814001,Block Group 1,G5030,S,127954,0,+42.3294582,-071.0927450,1377175.217,6158.372089,6,6158.371787,1377175.228
527,542,543,25,025,000805,2,250250008052,Block Group 2,G5030,S,108977,0,+42.3542110,-071.1327606,1172938.722,5074.744794,13,5074.74463,1172938.625
528,565,566,25,025,000804,2,250250008042,Block Group 2,G5030,S,319744,0,+42.3604365,-071.1272731,3441468.543,9246.37172,10,9246.372126,3441468.481
529,538,539,25,025,110106,2,250251101062,Block Group 2,G5030,S,107376,0,+42.2920692,-071.1155866,1155712.379,4977.821424,1,4977.821071,1155712.339
530,515,516,25,025,070301,1,250250703011,Block Group 1,G5030,S,67540,0,+42.3468635,-071.0723866,726957.8079,4901.763705,7,4901.763746,726957.6133
531,575,576,25,025,000804,1,250250008041,Block Group 1,G5030,S,287852,0,+42.3566137,-071.1349274,3098212.487,8545.765439,9,8545.766115,3098212.586
532,574,575,25,025,081301,2,250250813012,Block Group 2,G5030,S,184982,0,+42.3199630,-071.0998783,1990978.274,7733.09103,17,7733.091039,1990978.375
533,530,531,25,025,070202,1,250250702021,Block Group 1,G5030,S,147602,0,+42.3505754,-071.0617444,1588694.543,6587.625389,39,6587.625348,1588694.527
534,569,570,25,025,030301,2,250250303012,Block Group 2,G5030,S,86167,128536,+42.3620862,-071.0499429,2310896.161,6646.640848,2,9471.413056,945458.6426
535,563,564,25,025,980900,1,250259809001,Block Group 1,G5030,S,1677227,46975,+42.2853953,-071.1801892,18557800.11,17741.19668,1,42251.11428,17280705.37
536,520,521,25,025,081102,2,250250811022,Block Group 2,G5030,S,122289,0,+42.3299826,-071.1096499,1316203.376,6185.479907,12,6185.479463,1316203.441
537,532,533,25,025,070301,2,250250703012,Block Group 2,G5030,S,75791,0,+42.3458432,-071.0709666,815747.0825,4023.227852,3,4023.228253,815747.3078
538,560,561,25,025,110106,1,250251101061,Block Group 1,G5030,S,105288,0,+42.2928466,-071.1175142,1133238.228,5614.188632,4,5614.188622,1133238.197
539,528,529,25,025,000805,1,250250008051,Block Group 1,G5030,S,121953,0,+42.3544611,-071.1281028,1312598.59,5583.090478,7,5583.090783,1312598.701
540,527,528,25,025,081102,1,250250811021,Block Group 1,G5030,S,254579,0,+42.3282388,-071.1041438,2740093.349,7317.388856,12,7317.389048,2740093.345
541,572,573,25,025,071201,3,250250712013,Block Group 3,G5030,S,66200,0,+42.3387866,-071.0681176,712518.9233,3440.574678,8,3440.574662,712519.0973
542,580,581,25,025,981502,1,250259815021,Block Group 1,G5030,S,1252194,27490,+42.3958503,-071.0069705,13773525.37,18704.8339,1,13447.93233,4895184.903
543,509,510,25,025,081301,1,250250813011,Block Group 1,G5030,S,50678,0,+42.3140397,-071.0973760,545449.672,3385.848306,7,3385.848711,545449.6462
544,553,554,25,025,000701,1,250250007011,Block Group 1,G5030,S,27862,0,+42.3456477,-071.1363669,299885.2911,3673.381226,2,3673.381719,299885.2895
545,513,514,25,025,130101,4,250251301014,Block Group 4,G5030,S,188380,0,+42.2876239,-071.1687164,2027548.22,5747.43546,4,5747.435048,2027548.089
546,519,520,25,025,080300,2,250250803002,Block Group 2,G5030,S,173479,0,+42.3267720,-071.0802174,1867168.573,5762.323442,12,5762.323159,1867168.636
547,533,534,25,025,071201,4,250250712014,Block Group 4,G5030,S,52084,0,+42.3398393,-071.0709151,560600.2219,3548.67043,23,3548.670703,560600.096
548,550,551,25,025,010404,1,250250104041,Block Group 1,G5030,S,34912,0,+42.3407249,-071.0893249,375764.8685,3649.622847,9,3649.623453,375764.8767
549,539,540,25,025,070502,1,250250705021,Block Group 1,G5030,S,49330,0,+42.3426422,-071.0718596,530955.2272,2890.44642,1,2890.446532,530955.1996
550,551,552,25,025,020305,2,250250203052,Block Group 2,G5030,S,75405,0,+42.3632548,-071.0647775,811589.2218,5044.324473,13,5044.323855,811589.1173
551,566,567,25,025,000701,3,250250007013,Block Group 3,G5030,S,81871,0,+42.3472795,-071.1397049,881187.1805,3908.519024,7,3908.519347,881187.1405
552,570,571,25,025,010404,2,250250104042,Block Group 2,G5030,S,38379,0,+42.3416538,-071.0895320,413072.4316,2852.988652,2,2852.988811,413072.4676
553,567,568,25,025,110104,2,250251101042,Block Group 2,G5030,S,174293,0,+42.2944660,-071.1190388,1875946.616,8183.935807,8,8183.93625,1875946.563
554,510,511,25,025,000604,1,250250006041,Block Group 1,G5030,S,164762,0,+42.3514070,-071.1377995,1773376.173,5492.064469,13,5492.064244,1773376.177
555,577,578,25,025,070102,1,250250701021,Block Group 1,G5030,S,95869,0,+42.3566235,-071.0611100,1031856.458,4571.898599,39,4571.89891,1031856.433
556,544,545,25,025,070302,2,250250703022,Block Group 2,G5030,S,50304,0,+42.3513727,-071.0687663,541440.0781,2996.611518,6,2996.611371,541440.0339
557,525,526,25,025,130402,3,250251304023,Block Group 3,G5030,S,290659,0,+42.2644618,-071.1649863,3128395.724,8391.939488,4,8391.939451,3128395.887
558,549,550,25,025,130402,2,250251304022,Block Group 2,G5030,S,228303,0,+42.2713576,-071.1634609,2457246.774,7447.980822,1,7447.980864,2457246.775
559,508,509,25,025,030400,3,250250304003,Block Group 3,G5030,S,42564,0,+42.3635380,-071.0549159,458131.1833,2908.414852,18,2908.414923,458131.1777
560,524,525,25,025,070202,2,250250702022,Block Group 2,G5030,S,30940,0,+42.3476335,-071.0629871,333025.0684,2399.784064,1,2399.783888,333025.1043
561,535,536,25,025,010205,3,250250102053,Block Group 3,G5030,S,37558,0,+42.3435846,-071.1010538,404247.6831,2502.76727,5,2502.767267,404247.6962
562,579,580,25,025,070502,2,250250705022,Block Group 2,G5030,S,125087,0,+42.3404935,-071.0744260,1346308.586,5206.259082,22,5206.258349,1346308.595
563,561,562,25,025,081400,2,250250814002,Block Group 2,G5030,S,226709,0,+42.3269790,-071.0954993,2440128.747,9516.234895,5,9516.235287,2440128.908
564,556,557,25,025,110104,1,250251101041,Block Group 1,G5030,S,127646,0,+42.2920158,-071.1234146,1373875.256,6346.812744,2,6346.813147,1373875.294
565,511,512,25,025,000505,3,250250005053,Block Group 3,G5030,S,54768,0,+42.3435862,-071.1398836,589480.6387,3103.775744,7,3098.783702,588330.2681
566,541,542,25,025,070102,3,250250701023,Block Group 3,G5030,S,16574,0,+42.3528136,-071.0635099,178388.1196,1710.593447,4,1710.59287,178388.0812
567,562,563,25,025,050300,3,250250503003,Block Group 3,G5030,S,86355,92724,+42.3682042,-071.0423700,1927463.667,5984.414529,21,5938.845264,852765.1025
568,537,538,25,025,071101,4,250250711014,Block Group 4,G5030,S,82100,0,+42.3368655,-071.0708160,883640.4724,3836.989878,10,3836.98997,883640.4537
569,518,519,25,025,070501,2,250250705012,Block Group 2,G5030,S,67315,0,+42.3424198,-071.0689194,724525.4395,4363.76522,9,4363.765656,724525.4116
