OBJECTID1,OBJECTID,COUNT,SHAPE_Length,SHAPE_Area
1,556,2,1999.999937,249999.9842
2,486,1,1999.999937,249999.9842
3,433,3,1999.999937,249999.9842
4,56,1,1999.999937,249999.9842
5,76,1,1999.999937,249999.9842
6,292,1,2000.000593,250000.1483
7,511,1,1999.999937,249999.9842
8,198,1,2000.000593,250000.1483
9,188,1,1999.999937,249999.9842
10,114,1,1999.999937,249999.9843
11,231,1,1999.999937,249999.9842
12,14,1,2000.000593,250000.1483
13,127,2,1999.999937,249999.9842
14,236,3,1999.999937,249999.9842
15,512,2,1999.999937,249999.9842
16,20,2,1999.999937,249999.9842
17,550,1,1999.999937,249999.9842
18,343,1,1999.999937,249999.9842
19,443,3,1999.999937,249999.9842
20,357,1,1999.999937,249999.9842
21,328,3,1999.999937,249999.9842
22,473,4,1999.999937,249999.9842
23,123,1,1999.999937,249999.9842
24,329,7,1999.999937,249999.9842
25,381,1,1999.999937,249999.9842
26,170,1,1999.999937,249999.9842
27,178,1,2000.000593,250000.1483
28,509,1,2000.000593,250000.1483
29,29,4,1999.999937,249999.9842
30,353,1,1999.999937,249999.9842
31,396,5,1999.999937,249999.9842
32,151,1,1999.999937,249999.9842
33,258,1,1999.999937,249999.9842
34,330,1,1999.999937,249999.9842
35,523,1,1999.999937,249999.9842
36,464,1,1999.999937,249999.9842
37,239,1,1999.999937,249999.9842
38,514,3,1999.999937,249999.9842
39,426,1,1999.999937,249999.9842
40,80,1,1999.999937,249999.9842
41,334,1,1999.999937,249999.9842
42,74,1,1999.999937,249999.9842
43,485,2,1999.999937,249999.9842
44,404,1,1999.999937,249999.9842
45,379,1,1999.999937,249999.9842
46,177,2,1999.999937,249999.9842
47,421,1,1999.999937,249999.9842
48,212,2,1999.999937,249999.9842
49,310,1,2000.000593,250000.1483
50,398,1,1999.999937,249999.9842
51,88,1,1999.999937,249999.9842
52,264,1,1999.999937,249999.9842
53,105,1,1999.999937,249999.9843
54,39,1,1999.999937,249999.9842
55,227,1,1999.999937,249999.9842
56,156,1,1999.999937,249999.9842
57,321,2,2000.000593,250000.1483
58,63,1,1999.999937,249999.9842
59,110,1,1999.999937,249999.9843
60,261,1,1999.999937,249999.9842
61,42,1,1999.999937,249999.9842
62,171,2,1999.999937,249999.9842
63,228,1,1999.999937,249999.9842
64,106,3,1999.999937,249999.9843
65,225,1,1999.999937,249999.9842
66,139,1,1999.999937,249999.9842
67,291,5,2000.000593,250000.1483
68,385,1,1999.999937,249999.9842
69,224,2,1999.999937,249999.9842
70,260,1,1999.999937,249999.9842
71,551,2,1999.999937,249999.9842
72,349,1,1999.999937,249999.9842
73,286,1,2000.000593,250000.1483
74,356,4,1999.999937,249999.9842
75,563,1,1999.999937,249999.9842
76,478,1,1999.999937,249999.9842
77,187,2,1999.999937,249999.9842
78,331,1,1999.999937,249999.9842
79,434,1,1999.999937,249999.9842
80,43,1,1999.999937,249999.9842
81,318,2,2000.000593,250000.1483
82,472,3,1999.999937,249999.9842
83,255,3,1999.999937,249999.9842
84,477,1,1999.999937,249999.9842
85,468,2,1999.999937,249999.9842
86,358,1,1999.999937,249999.9842
87,510,1,1999.999937,249999.9842
88,141,1,1999.999937,249999.9842
89,19,1,1999.999937,249999.9842
90,158,1,1999.999937,249999.9842
91,452,1,1999.999937,249999.9842
92,249,1,1999.999937,249999.9842
93,174,3,1999.999937,249999.9842
94,566,1,1999.999937,249999.9842
95,281,1,1999.999937,249999.9842
96,226,6,1999.999937,249999.9842
97,317,2,2000.000593,250000.1483
98,257,3,1999.999937,249999.9842
99,561,1,1999.999937,249999.9842
100,355,1,2000.000593,250000.1483
101,359,1,1999.999937,249999.9842
102,284,2,1999.999937,249999.9842
103,513,1,1999.999937,249999.9842
104,129,1,1999.999937,249999.9842
105,469,10,1999.999937,249999.9842
106,386,1,1999.999937,249999.9842
107,515,3,1999.999937,249999.9842
108,57,1,1999.999937,249999.9842
109,293,1,2000.000593,250000.1483
110,12,1,2000.000593,250000.1483
111,216,1,1999.999937,249999.9842
112,474,1,1999.999937,249999.9842
113,669,2,1999.999937,249999.9842
114,1053,1,1999.999937,249999.9842
115,773,1,1999.999937,249999.9843
116,889,1,1999.999937,249999.9842
117,856,2,1999.999937,249999.9842
118,1091,1,1999.999937,249999.9842
119,937,1,1999.999937,249999.9842
120,730,2,1999.999937,249999.9842
121,591,1,1999.999937,249999.9842
122,1109,1,1999.999937,249999.9842
123,613,1,1999.999937,249999.9842
124,633,1,1999.999937,249999.9842
125,1100,1,1999.999937,249999.9842
126,1072,3,1999.999937,249999.9842
127,911,1,1999.999937,249999.9842
128,770,3,1999.999937,249999.9843
129,956,2,1999.999937,249999.9842
130,970,1,2000.000593,250000.1483
131,626,1,1999.999937,249999.9842
132,681,2,1999.999937,249999.9842
133,996,1,1999.999937,249999.9842
134,926,1,1999.999937,249999.9842
135,645,2,1999.999937,249999.9842
136,883,3,1999.999937,249999.9842
137,629,2,1999.999937,249999.9842
138,833,2,1999.999937,249999.9842
139,1000,2,1999.999937,249999.9842
140,871,3,2000.000593,250000.1483
141,733,1,1999.999937,249999.9842
142,791,1,1999.999937,249999.9843
143,1043,1,2000.000593,250000.1483
144,592,1,1999.999937,249999.9842
145,1121,1,1999.999937,249999.9842
146,1020,1,1999.999937,249999.9842
147,1075,1,1999.999937,249999.9842
148,1082,2,1999.999937,249999.9842
149,790,1,1999.999937,249999.9843
150,700,1,1999.999937,249999.9842
151,843,1,1999.999937,249999.9842
152,855,1,1999.999937,249999.9842
153,1002,2,1999.999937,249999.9842
154,656,1,1999.999937,249999.9842
155,844,1,1999.999937,249999.9842
156,680,1,1999.999937,249999.9842
157,768,2,1999.999937,249999.9843
158,618,3,1999.999937,249999.9842
159,594,1,1999.999937,249999.9842
160,649,1,1999.999937,249999.9842
161,803,2,1999.999937,249999.9843
162,800,2,1999.999937,249999.9843
163,1079,1,1999.999937,249999.9842
164,1090,1,1999.999937,249999.9842
165,864,2,1999.999937,249999.9842
166,1106,1,1999.999937,249999.9842
167,870,1,1999.999937,249999.9842
168,793,1,1999.999937,249999.9843
169,849,2,1999.999937,249999.9843
170,635,5,1999.999937,249999.9842
171,904,3,1999.999937,249999.9842
172,865,1,1999.999937,249999.9842
173,1011,1,1999.999937,249999.9842
174,743,1,1999.999937,249999.9842
175,616,1,1999.999937,249999.9842
176,842,1,1999.999937,249999.9842
177,725,1,2000.000593,250000.1483
178,571,2,1999.999937,249999.9842
179,737,2,1999.999937,249999.9842
180,769,2,1999.999937,249999.9843
181,1068,1,1999.999937,249999.9842
182,1055,1,1999.999937,249999.9842
183,679,1,1999.999937,249999.9842
184,1010,2,1999.999937,249999.9843
185,731,5,1999.999937,249999.9842
186,620,1,1999.999937,249999.9842
187,691,1,1999.999937,249999.9842
188,867,1,1999.999937,249999.9842
189,957,2,1999.999937,249999.9842
190,1120,2,1999.999937,249999.9842
191,761,2,1999.999937,249999.9843
192,976,1,1999.999937,249999.9842
193,1080,1,1999.999937,249999.9842
194,683,6,1999.999937,249999.9842
195,940,2,2000.000593,250000.1483
196,962,1,1999.999937,249999.9842
197,933,2,1999.999937,249999.9842
198,778,1,1999.999937,249999.9843
199,1071,1,1999.999937,249999.9842
200,891,1,1999.999937,249999.9842
201,1049,2,1999.999937,249999.9842
202,755,1,1999.999937,249999.9843
203,729,2,1999.999937,249999.9842
204,792,1,1999.999937,249999.9843
205,831,1,1999.999937,249999.9842
206,732,3,1999.999937,249999.9842
207,710,1,1999.999937,249999.9842
208,703,1,1999.999937,249999.9842
209,1006,1,1999.999937,249999.9842
210,1070,1,1999.999937,249999.9842
211,646,1,1999.999937,249999.9842
212,828,1,1999.999937,249999.9842
213,1056,1,1999.999937,249999.9842
214,1073,2,1999.999937,249999.9842
215,794,5,1999.999937,249999.9843
216,662,1,1999.999937,249999.9843
217,1050,1,1999.999937,249999.9842
218,1013,2,1999.999937,249999.9842
219,929,1,1999.999937,249999.9842
220,1005,2,1999.999937,249999.9842
221,860,3,1999.999937,249999.9842
222,676,3,1999.999937,249999.9842
223,601,2,1999.999937,249999.9842
224,893,1,1999.999937,249999.9842
225,749,2,1999.999937,249999.9842
226,716,2,1999.999937,249999.9842
227,925,10,1999.999937,249999.9842
228,766,1,2000.000593,250000.1483
229,834,1,1999.999937,249999.9842
230,895,1,1999.999937,249999.9842
231,1012,6,2000.000593,250000.1483
232,708,1,1999.999937,249999.9842
233,1081,1,1999.999937,249999.9842
234,1089,1,1999.999937,249999.9842
235,740,2,1999.999937,249999.9842
236,1125,1,1999.999937,249999.9842
237,758,2,1999.999937,249999.9843
238,724,3,1999.999937,249999.9843
239,622,1,1999.999937,249999.9842
240,1111,1,1999.999937,249999.9842
241,617,1,1999.999937,249999.9842
242,728,3,1999.999937,249999.9842
243,720,2,1999.999937,249999.9842
244,982,3,1999.999937,249999.9842
245,674,1,1999.999937,249999.9842
246,602,1,1999.999937,249999.9842
247,756,1,1999.999937,249999.9843
248,975,1,1999.999937,249999.9842
249,1092,1,1999.999937,249999.9842
250,1008,1,1999.999937,249999.9842
251,854,1,1999.999937,249999.9842
252,1017,2,1999.999937,249999.9842
253,1074,1,1999.999937,249999.9842
254,983,1,1999.999937,249999.9842
255,901,1,1999.999937,249999.9842
256,596,1,1999.999937,249999.9842
257,1077,2,1999.999937,249999.9842
258,853,1,1999.999937,249999.9842
259,880,1,1999.999937,249999.9842
260,935,1,1999.999937,249999.9842
261,999,3,1999.999937,249999.9842
262,910,1,1999.999937,249999.9842
263,1037,1,1999.999937,249999.9842
264,1021,1,1999.999937,249999.9842
265,664,1,1999.999937,249999.9842
266,717,2,1999.999937,249999.9842
267,1031,1,1999.999937,249999.9842
268,612,1,1999.999937,249999.9842
269,614,1,1999.999937,249999.9842
270,706,1,1999.999937,249999.9842
271,709,1,1999.999937,249999.9842
272,797,1,1999.999937,249999.9843
273,912,1,1999.999937,249999.9842
274,841,2,1999.999937,249999.9842
275,861,1,1999.999937,249999.9842
276,677,2,1999.999937,249999.9842
277,997,2,1999.999937,249999.9842
278,1586,3,2000.000593,250000.1483
279,1182,1,1999.999937,249999.9842
280,1632,1,1999.999937,249999.9842
281,1522,1,1999.999937,249999.9842
282,1312,1,1999.999937,249999.9842
283,1660,1,1999.999937,249999.9842
284,1384,2,1999.999937,249999.9842
285,1446,3,1999.999937,249999.9842
286,1517,1,2000.000593,250000.1483
287,1416,1,1999.999937,249999.9842
288,1422,1,1999.999937,249999.9842
289,1142,3,1999.999937,249999.9842
290,1511,1,1999.999937,249999.9842
291,1264,3,1999.999937,249999.9842
292,1207,1,1999.999937,249999.9842
293,1543,1,2000.000593,250000.1483
294,1268,1,1999.999937,249999.9842
295,1215,2,1999.999937,249999.9842
296,1342,1,1999.999937,249999.9842
297,1514,6,1999.999937,249999.9842
298,1255,1,1999.999937,249999.9842
299,1643,1,1999.999937,249999.9842
300,1696,2,1999.999937,249999.9842
301,1311,1,1999.999937,249999.9842
302,1367,2,1999.999937,249999.9842
303,1143,1,1999.999937,249999.9842
304,1553,1,2000.000593,250000.1483
305,1287,2,1999.999937,249999.9842
306,1438,1,1999.999937,249999.9842
307,1504,3,1999.999937,249999.9842
308,1597,2,2000.000593,250000.1483
309,1650,1,1999.999937,249999.9842
310,1334,1,1999.999937,249999.9842
311,1366,3,1999.999937,249999.9842
312,1519,1,1999.999937,249999.9842
313,1684,1,1999.999937,249999.9842
314,1583,1,2000.000593,250000.1483
315,1645,1,1999.999937,249999.9842
316,1289,2,1999.999937,249999.9842
317,1292,1,1999.999937,249999.9842
318,1413,1,1999.999937,249999.9842
319,1154,1,1999.999937,249999.9842
320,1175,1,1999.999937,249999.9842
321,1515,6,1999.999937,249999.9843
322,1602,1,2000.000593,250000.1483
323,1294,5,1999.999937,249999.9842
324,1546,1,2000.000593,250000.1483
325,1349,1,1999.999937,249999.9842
326,1658,1,1999.999937,249999.9842
327,1481,2,1999.999937,249999.9842
328,1392,2,1999.999937,249999.9842
329,1445,1,1999.999937,249999.9842
330,1253,1,1999.999937,249999.9842
331,1657,3,1999.999937,249999.9843
332,1291,1,1999.999937,249999.9842
333,1590,1,2000.000593,250000.1483
334,1665,2,1999.999937,249999.9842
335,1379,7,1999.999937,249999.9842
336,1631,2,1999.999937,249999.9842
337,1550,4,2000.000593,250000.1483
338,1273,2,1999.999937,249999.9842
339,1576,1,2000.000593,250000.1483
340,1666,3,1999.999937,249999.9842
341,1537,1,2000.000593,250000.1483
342,1374,1,1999.999937,249999.9842
343,1302,1,2000.000593,250000.1483
344,1584,1,2000.000593,250000.1483
345,1524,1,1999.999937,249999.9842
346,1158,1,1999.999937,249999.9842
347,1266,1,1999.999937,249999.9842
348,1459,1,1999.999937,249999.9842
349,1390,1,1999.999937,249999.9842
350,1544,1,2000.000593,250000.1483
351,1589,2,2000.001249,250000.3123
352,1239,4,1999.999937,249999.9842
353,1345,2,1999.999937,249999.9842
354,1455,1,1999.999937,249999.9842
355,1494,1,1999.999937,249999.9842
356,1406,2,1999.999937,249999.9842
357,1314,1,1999.999937,249999.9842
358,1386,1,1999.999937,249999.9842
359,1212,3,1999.999937,249999.9842
360,1644,5,1999.999937,249999.9842
361,1218,1,1999.999937,249999.9842
362,1196,2,1999.999937,249999.9842
363,1248,1,1999.999937,249999.9842
364,1574,1,2000.000593,250000.1483
365,1611,1,1999.999937,249999.9842
366,1297,3,1999.999937,249999.9842
367,1148,1,1999.999937,249999.9842
368,1668,2,1999.999937,249999.9842
369,1290,1,1999.999937,249999.9842
370,1542,1,2000.000593,250000.1483
371,1141,1,1999.999937,249999.9842
372,1506,2,1999.999937,249999.9842
373,1315,1,1999.999937,249999.9842
374,1621,1,1999.999937,249999.9842
375,1288,3,1999.999937,249999.9842
376,1651,1,1999.999937,249999.9842
377,1364,2,1999.999937,249999.9842
378,1453,1,1999.999937,249999.9842
379,1221,2,1999.999937,249999.9842
380,1520,2,1999.999937,249999.9842
381,1262,2,1999.999937,249999.9842
382,1560,5,2000.000593,250000.1483
383,1375,1,1999.999937,249999.9842
384,1425,1,1999.999937,249999.9842
385,1486,2,1999.999937,249999.9842
386,1254,5,1999.999937,249999.9842
387,1348,1,1999.999937,249999.9842
388,1555,1,2000.000593,250000.1483
389,1144,1,1999.999937,249999.9842
390,1698,1,1999.999937,249999.9842
391,1662,1,1999.999937,249999.9842
392,1562,1,2000.000593,250000.1483
393,1146,1,1999.999937,249999.9842
394,1210,3,1999.999937,249999.9842
395,1685,2,1999.999937,249999.9842
396,1646,3,1999.999937,249999.9842
397,1187,1,1999.999937,249999.9842
398,1228,9,1999.999937,249999.9842
399,1178,5,1999.999937,249999.9842
400,1269,2,1999.999937,249999.9842
401,1308,1,1999.999937,249999.9842
402,1377,1,1999.999937,249999.9842
403,1654,1,1999.999937,249999.9842
404,1460,1,1999.999937,249999.9842
405,1256,2,1999.999937,249999.9842
406,1147,2,1999.999937,249999.9842
407,1332,3,1999.999937,249999.9842
408,1153,2,1999.999937,249999.9843
409,1179,1,1999.999937,249999.9842
410,1448,1,1999.999937,249999.9842
411,1435,3,1999.999937,249999.9842
412,1591,1,2000.000593,250000.1483
413,1267,1,1999.999937,249999.9842
414,1545,1,2000.000593,250000.1483
415,1496,1,1999.999937,249999.9842
416,1303,3,1999.999937,249999.9842
417,1505,1,1999.999937,249999.9842
418,1561,3,2000.000593,250000.1483
419,1161,1,1999.999937,249999.9842
420,1652,2,1999.999937,249999.9842
421,1156,3,1999.999937,249999.9842
422,1236,2,1999.999937,249999.9842
423,1593,1,2000.000593,250000.1483
424,1398,2,1999.999937,249999.9842
425,1587,1,2000.000593,250000.1483
426,1149,1,1999.999937,249999.9842
427,1599,1,2000.000593,250000.1483
428,1411,1,2000.000593,250000.1483
429,1352,2,1999.999937,249999.9842
430,1249,1,1999.999937,249999.9842
431,1391,1,1999.999937,249999.9842
432,1512,1,1999.999937,249999.9842
433,1588,1,2000.000593,250000.1483
434,1470,1,1999.999937,249999.9842
435,1388,1,1999.999937,249999.9842
436,1397,1,1999.999937,249999.9842
437,1452,1,1999.999937,249999.9842
438,1324,1,1999.999937,249999.9842
439,1274,1,1999.999937,249999.9842
440,1569,1,2000.000593,250000.1483
441,1663,1,1999.999937,249999.9842
442,1640,1,1999.999937,249999.9842
443,1605,1,1999.999937,249999.9842
444,1233,1,1999.999937,249999.9842
445,1373,1,1999.999937,249999.9842
446,1372,2,1999.999937,249999.9842
447,1325,1,1999.999937,249999.9842
448,1477,1,1999.999937,249999.9842
449,1331,2,1999.999937,249999.9842
450,1607,1,1999.999937,249999.9842
451,1513,5,1999.999937,249999.9842
452,1285,1,1999.999937,249999.9842
453,1529,1,1999.999937,249999.9842
454,1582,1,2000.000593,250000.1483
455,1199,1,1999.999937,249999.9842
456,1232,2,1999.999937,249999.9842
457,1933,2,1999.999937,249999.9842
458,2117,1,1999.999937,249999.9842
459,2185,1,1999.999937,249999.9843
460,2095,4,1999.999937,249999.9842
461,1780,1,1999.999937,249999.9842
462,1784,1,1999.999937,249999.9842
463,1939,1,1999.999937,249999.9842
464,1722,1,1999.999937,249999.9842
465,2144,2,2000.000593,250000.1483
466,1730,1,1999.999937,249999.9842
467,1868,1,1999.999937,249999.9843
468,1941,2,1999.999937,249999.9842
469,2222,2,1999.999937,249999.9842
470,1957,2,1999.999937,249999.9842
471,1725,1,1999.999937,249999.9842
472,1954,3,1999.999937,249999.9842
473,1817,2,1999.999937,249999.9842
474,1918,5,2000.000593,250000.1483
475,1783,1,1999.999937,249999.9842
476,1726,1,1999.999937,249999.9842
477,1727,2,1999.999937,249999.9842
478,1808,1,1999.999937,249999.9842
479,2135,4,1999.999937,249999.9842
480,2175,1,1999.999937,249999.9842
481,2004,3,1999.999937,249999.9843
482,2006,1,1999.999937,249999.9843
483,2057,1,1999.999937,249999.9843
484,2252,1,1999.999937,249999.9842
485,2165,2,1999.999937,249999.9843
486,2003,3,1999.999937,249999.9843
487,2033,1,1999.999937,249999.9842
488,2134,5,1999.999937,249999.9842
489,1991,1,1999.999937,249999.9843
490,2093,1,1999.999937,249999.9842
491,1826,1,1999.999937,249999.9842
492,1708,1,1999.999937,249999.9842
493,1967,1,1999.999937,249999.9842
494,1864,1,1999.999937,249999.9842
495,1955,4,1999.999937,249999.9842
496,1865,2,1999.999937,249999.9842
497,2209,2,2000.000593,250000.1483
498,2198,1,1999.999937,249999.9842
499,2189,1,1999.999937,249999.9842
500,1765,6,1999.999937,249999.9842
501,1961,1,1999.999937,249999.9842
502,1799,1,1999.999937,249999.9842
503,2208,3,1999.999937,249999.9843
504,1769,3,1999.999937,249999.9842
505,2206,3,1999.999937,249999.9842
506,2262,3,1999.999937,249999.9842
507,1917,1,1999.999937,249999.9842
508,2188,2,1999.999937,249999.9842
509,1871,1,1999.999937,249999.9842
510,1753,1,1999.999937,249999.9842
511,2265,3,1999.999937,249999.9842
512,2024,1,1999.999937,249999.9842
513,2190,2,1999.999937,249999.9842
514,1776,2,1999.999937,249999.9842
515,2016,1,1999.999937,249999.9843
516,1896,2,1999.999937,249999.9843
517,2119,3,1999.999937,249999.9842
518,2180,2,1999.999937,249999.9842
519,1921,6,1999.999937,249999.9842
520,2216,1,1999.999937,249999.9842
521,2063,8,1999.999937,249999.9842
522,1850,1,1999.999937,249999.9842
523,2094,1,1999.999937,249999.9842
524,1711,1,1999.999937,249999.9842
525,1879,1,1999.999937,249999.9842
526,1732,1,1999.999937,249999.9842
527,2187,8,2000.000593,250000.1483
528,1952,3,1999.999937,249999.9842
529,2096,3,1999.999937,249999.9842
530,1782,2,1999.999937,249999.9842
531,2001,1,1999.999937,249999.9843
532,2231,1,1999.999937,249999.9842
533,1715,1,1999.999937,249999.9842
534,1724,1,1999.999937,249999.9842
535,2052,6,1999.999937,249999.9842
536,1788,1,1999.999937,249999.9842
537,1956,2,1999.999937,249999.9842
538,1731,1,1999.999937,249999.9842
539,2019,1,1999.999937,249999.9843
540,2264,3,1999.999937,249999.9842
541,1982,4,1999.999937,249999.9843
542,2176,2,1999.999937,249999.9842
543,2148,1,1999.999937,249999.9842
544,1893,5,1999.999937,249999.9842
545,1912,2,1999.999937,249999.9842
546,1812,1,1999.999937,249999.9842
547,2018,1,1999.999937,249999.9843
548,1772,1,1999.999937,249999.9842
549,2068,1,1999.999937,249999.9842
550,2221,5,1999.999937,249999.9842
551,1969,1,1999.999937,249999.9842
552,1785,5,1999.999937,249999.9842
553,1892,7,1999.999937,249999.9842
554,2059,2,2000.000593,250000.1483
555,2137,3,1999.999937,249999.9842
556,1820,2,1999.999937,249999.9843
557,2230,1,2000.000593,250000.1483
558,2263,4,1999.999937,249999.9842
559,1814,1,1999.999937,249999.9842
560,1873,2,1999.999937,249999.9842
561,1834,1,1999.999937,249999.9842
562,1960,1,1999.999937,249999.9842
563,2060,1,1999.999937,249999.9842
564,2234,6,1999.999937,249999.9842
565,2212,1,1999.999937,249999.9842
566,1872,1,1999.999937,249999.9842
567,1789,1,1999.999937,249999.9842
568,2182,1,1999.999937,249999.9842
569,2138,4,1999.999937,249999.9842
570,1890,1,1999.999937,249999.9842
571,2078,1,1999.999937,249999.9842
572,2223,3,1999.999937,249999.9842
573,2002,4,1999.999937,249999.9843
574,1849,1,1999.999937,249999.9842
575,1962,2,1999.999937,249999.9843
576,2083,2,1999.999937,249999.9842
577,1940,1,1999.999937,249999.9842
578,2077,1,1999.999937,249999.9842
579,2012,1,1999.999937,249999.9843
580,2064,2,1999.999937,249999.9842
581,1866,2,1999.999937,249999.9842
582,2139,1,1999.999937,249999.9842
583,2217,3,1999.999937,249999.9842
584,1713,2,1999.999937,249999.9842
585,2240,2,1999.999937,249999.9842
586,1851,1,1999.999937,249999.9842
587,1861,1,1999.999937,249999.9842
588,1822,1,2000.000593,250000.1483
589,1919,1,1999.999937,249999.9842
590,1899,3,1999.999937,249999.9842
591,2210,1,1999.999937,249999.9842
592,1910,3,1999.999937,249999.9842
593,2069,1,1999.999937,249999.9842
594,1875,5,1999.999937,249999.9842
595,1819,1,1999.999937,249999.9842
596,2124,3,1999.999937,249999.9843
597,2225,2,1999.999937,249999.9842
598,2058,3,1999.999937,249999.9842
599,1828,1,1999.999937,249999.9842
600,2092,1,1999.999937,249999.9842
601,1908,1,1999.999937,249999.9842
602,2178,4,1999.999937,249999.9842
603,2250,7,1999.999937,249999.9842
604,1914,2,1999.999937,249999.9842
605,2159,1,1999.999937,249999.9842
606,1915,2,1999.999937,249999.9842
607,2015,1,1999.999937,249999.9843
608,2218,3,1999.999937,249999.9842
609,1809,1,1999.999937,249999.9842
610,1858,3,1999.999937,249999.9842
611,1741,5,1999.999937,249999.9842
612,2146,1,1999.999937,249999.9842
613,2219,2,1999.999937,249999.9842
614,1810,2,1999.999937,249999.9842
615,1869,1,1999.999937,249999.9842
616,1987,1,1999.999937,249999.9843
617,1714,3,1999.999937,249999.9842
618,1811,3,1999.999937,249999.9842
619,2103,1,1999.999937,249999.9842
620,2048,1,1999.999937,249999.9842
621,1989,2,1999.999937,249999.9843
622,1816,1,1999.999937,249999.9842
623,2011,4,1999.999937,249999.9843
624,1710,1,1999.999937,249999.9842
625,1818,2,1999.999937,249999.9842
626,1728,1,1999.999937,249999.9842
627,1771,1,1999.999937,249999.9842
628,2051,4,1999.999937,249999.9842
629,2133,4,1999.999937,249999.9842
630,1860,1,1999.999937,249999.9842
631,2220,5,1999.999937,249999.9842
632,1766,1,1999.999937,249999.9842
633,2126,2,1999.999937,249999.9842
634,2099,2,1999.999937,249999.9842
635,2062,3,1999.999937,249999.9842
636,1770,3,1999.999937,249999.9842
637,2010,1,1999.999937,249999.9843
638,1963,1,1999.999937,249999.9842
639,2007,1,1999.999937,249999.9843
640,1859,3,1999.999937,249999.9842
641,1874,2,1999.999937,249999.9842
642,2164,1,1999.999937,249999.9842
643,1825,1,1999.999937,249999.9842
644,2235,1,1999.999937,249999.9842
645,2256,1,1999.999937,249999.9842
646,2254,1,1999.999937,249999.9843
647,2120,3,1999.999937,249999.9842
648,2238,2,1999.999937,249999.9842
649,1929,3,1999.999937,249999.9842
650,1823,1,1999.999937,249999.9842
651,1965,5,1999.999937,249999.9842
652,2142,1,1999.999937,249999.9843
653,2162,1,1999.999937,249999.9842
654,1720,1,1999.999937,249999.9842
655,1841,3,1999.999937,249999.9842
656,2708,1,1999.999937,249999.9842
657,2700,1,1999.999937,249999.9842
658,2716,1,1999.999937,249999.9842
659,2425,5,1999.999937,249999.9842
660,2364,3,1999.999937,249999.9842
661,2308,1,1999.999937,249999.9842
662,2501,1,1999.999937,249999.9842
663,2527,3,1999.999937,249999.9842
664,2375,3,1999.999937,249999.9842
665,2397,3,1999.999937,249999.9842
666,2392,1,2000.000593,250000.1483
667,2794,1,1999.999937,249999.9842
668,2567,5,1999.999937,249999.9842
669,2827,2,1999.999937,249999.9842
670,2359,1,1999.999937,249999.9842
671,2693,1,1999.999937,249999.9842
672,2294,2,1999.999937,249999.9842
673,2387,1,1999.999937,249999.9842
674,2438,1,1999.999937,249999.9842
675,2805,4,1999.999937,249999.9842
676,2400,1,1999.999937,249999.9842
677,2709,2,1999.999937,249999.9842
678,2629,1,1999.999937,249999.9842
679,2269,2,1999.999937,249999.9842
680,2741,1,1999.999937,249999.9843
681,2800,4,2000.000593,250000.1483
682,2502,2,1999.999937,249999.9842
683,2420,2,1999.999937,249999.9842
684,2808,1,1999.999937,249999.9842
685,2545,2,1999.999937,249999.9842
686,2636,3,1999.999937,249999.9842
687,2296,1,1999.999937,249999.9842
688,2831,4,1999.999937,249999.9842
689,2744,1,1999.999937,249999.9842
690,2494,1,1999.999937,249999.9842
691,2280,1,1999.999937,249999.9842
692,2649,1,1999.999937,249999.9842
693,2607,4,2000.000593,250000.1483
694,2714,1,1999.999937,249999.9842
695,2766,2,1999.999937,249999.9842
696,2352,1,1999.999937,249999.9842
697,2692,1,1999.999937,249999.9842
698,2320,12,1999.999937,249999.9843
699,2396,5,1999.999937,249999.9842
700,2305,2,1999.999937,249999.9842
701,2444,2,1999.999937,249999.9842
702,2624,3,2000.000593,250000.1483
703,2455,3,1999.999937,249999.9842
704,2325,1,1999.999937,249999.9842
705,2602,3,2000.000593,250000.1483
706,2516,3,1999.999937,249999.9842
707,2476,1,1999.999937,249999.9842
708,2452,2,1999.999937,249999.9842
709,2404,2,1999.999937,249999.9842
710,2710,1,1999.999937,249999.9842
711,2484,2,1999.999937,249999.9842
712,2500,5,1999.999937,249999.9842
713,2819,1,1999.999937,249999.9842
714,2506,1,1999.999937,249999.9842
715,2782,1,1999.999937,249999.9842
716,2522,1,1999.999937,249999.9842
717,2759,1,1999.999937,249999.9842
718,2436,3,1999.999937,249999.9842
719,2531,3,1999.999937,249999.9842
720,2753,1,1999.999937,249999.9842
721,2813,4,1999.999937,249999.9842
722,2482,2,1999.999937,249999.9842
723,2654,1,1999.999937,249999.9842
724,2585,2,2000.000593,250000.1483
725,2833,1,1999.999937,249999.9842
726,2803,1,1999.999937,249999.9842
727,2401,4,1999.999937,249999.9842
728,2496,1,1999.999937,249999.9842
729,2729,3,1999.999937,249999.9842
730,2537,2,1999.999937,249999.9842
731,2772,1,1999.999937,249999.9842
732,2745,3,1999.999937,249999.9842
733,2712,7,1999.999937,249999.9842
734,2796,1,1999.999937,249999.9842
735,2566,1,1999.999937,249999.9842
736,2327,2,1999.999937,249999.9842
737,2787,1,1999.999937,249999.9842
738,2618,3,1999.999937,249999.9842
739,2271,1,1999.999937,249999.9842
740,2304,2,1999.999937,249999.9842
741,2612,1,2000.000593,250000.1483
742,2556,2,1999.999937,249999.9842
743,2580,2,2000.000593,250000.1483
744,2540,2,1999.999937,249999.9842
745,2775,2,1999.999937,249999.9842
746,2538,2,1999.999937,249999.9842
747,2412,1,1999.999937,249999.9842
748,2668,3,1999.999937,249999.9842
749,2667,18,1999.999937,249999.9842
750,2434,1,1999.999937,249999.9842
751,2830,1,1999.999937,249999.9842
752,2791,2,1999.999937,249999.9842
753,2828,5,1999.999937,249999.9842
754,2299,1,1999.999937,249999.9842
755,2593,1,2000.000593,250000.1483
756,2705,2,1999.999937,249999.9842
757,2395,4,1999.999937,249999.9842
758,2634,2,1999.999937,249999.9842
759,2581,2,2000.000593,250000.1483
760,2590,1,2000.000593,250000.1483
761,2606,6,2000.000593,250000.1483
762,2638,2,1999.999937,249999.9842
763,2278,1,1999.999937,249999.9842
764,2510,1,1999.999937,249999.9842
765,2742,2,2000.000593,250000.1483
766,2815,1,1999.999937,249999.9843
767,2462,2,1999.999937,249999.9842
768,2453,1,1999.999937,249999.9842
769,2509,1,2000.000593,250000.1483
770,2362,4,1999.999937,249999.9842
771,2356,4,1999.999937,249999.9842
772,2793,3,1999.999937,249999.9842
773,2407,2,1999.999937,249999.9842
774,2360,2,1999.999937,249999.9842
775,2635,4,1999.999937,249999.9842
776,2322,1,2000.000593,250000.1483
777,2498,1,1999.999937,249999.9842
778,2579,1,2000.001249,250000.3123
779,2664,1,1999.999937,249999.9843
780,2492,1,1999.999937,249999.9842
781,2446,2,1999.999937,249999.9842
782,2535,10,1999.999937,249999.9842
783,2368,2,1999.999937,249999.9842
784,2435,6,1999.999937,249999.9842
785,2582,1,2000.000593,250000.1483
786,2386,2,1999.999937,249999.9842
787,2677,3,1999.999937,249999.9842
788,2573,1,2000.000593,250000.1483
789,2555,1,1999.999937,249999.9842
790,2807,2,1999.999937,249999.9842
791,2495,1,1999.999937,249999.9842
792,2314,1,1999.999937,249999.9842
793,2398,3,1999.999937,249999.9842
794,2413,1,2000.000593,250000.1483
795,2591,1,2000.000593,250000.1483
796,2370,2,1999.999937,249999.9842
797,2298,4,1999.999937,249999.9842
798,2763,6,2000.000593,250000.1483
799,2405,2,1999.999937,249999.9842
800,2603,2,2000.000593,250000.1483
801,2353,8,1999.999937,249999.9842
802,2786,1,1999.999937,249999.9842
803,2408,1,1999.999937,249999.9842
804,2273,2,1999.999937,249999.9842
805,2680,2,1999.999937,249999.9842
806,2268,2,1999.999937,249999.9842
807,2377,2,1999.999937,249999.9842
808,2441,1,1999.999937,249999.9842
809,2319,1,1999.999937,249999.9842
810,2578,2,2000.000593,250000.1483
811,2623,2,1999.999937,249999.9843
812,2665,2,2000.000593,250000.1483
813,2600,1,2000.001249,250000.3123
814,2756,2,1999.999937,249999.9842
815,2402,2,1999.999937,249999.9842
816,2820,1,1999.999937,249999.9842
817,2662,1,1999.999937,249999.9842
818,2765,12,1999.999937,249999.9842
819,2719,2,1999.999937,249999.9842
820,2554,1,2000.000593,250000.1483
821,2584,1,2000.000593,250000.1483
822,2460,1,1999.999937,249999.9842
823,2447,1,1999.999937,249999.9842
824,2597,1,2000.000593,250000.1483
825,2760,1,1999.999937,249999.9842
826,2463,1,1999.999937,249999.9842
827,2728,2,1999.999937,249999.9842
828,2297,1,1999.999937,249999.9842
829,2660,1,1999.999937,249999.9842
830,2755,1,1999.999937,249999.9842
831,2644,1,1999.999937,249999.9842
832,2416,4,1999.999937,249999.9842
833,2491,1,1999.999937,249999.9842
834,2586,1,2000.000593,250000.1483
835,2466,1,1999.999937,249999.9842
836,2341,1,1999.999937,249999.9842
837,2363,4,1999.999937,249999.9842
838,2552,2,1999.999937,249999.9843
839,2676,2,1999.999937,249999.9842
840,2679,1,1999.999937,249999.9842
841,2351,1,1999.999937,249999.9842
842,2663,3,1999.999937,249999.9842
843,2507,1,1999.999937,249999.9843
844,2687,2,1999.999937,249999.9842
845,2648,1,1999.999937,249999.9842
846,2559,3,1999.999937,249999.9842
847,2743,2,1999.999937,249999.9842
848,2721,1,1999.999937,249999.9842
849,2605,2,2000.000593,250000.1483
850,2720,3,1999.999937,249999.9842
851,2689,1,1999.999937,249999.9842
852,2669,1,1999.999937,249999.9842
853,2461,2,2000.000593,250000.1483
854,2682,1,1999.999937,249999.9842
855,2410,1,1999.999937,249999.9842
856,2303,2,1999.999937,249999.9842
857,2323,1,1999.999937,249999.9842
858,2440,2,2000.000593,250000.1483
859,2767,2,1999.999937,249999.9842
860,2487,1,1999.999937,249999.9843
861,2504,2,1999.999937,249999.9842
862,2790,2,1999.999937,249999.9842
863,2442,1,1999.999937,249999.9842
864,2746,1,1999.999937,249999.9842
865,2512,5,1999.999937,249999.9842
866,2543,4,1999.999937,249999.9842
867,2418,2,1999.999937,249999.9842
868,2409,1,1999.999937,249999.9842
869,2596,2,2000.000593,250000.1483
870,2508,3,1999.999937,249999.9842
871,2647,2,1999.999937,249999.9842
872,2274,1,1999.999937,249999.9843
873,2523,4,1999.999937,249999.9842
874,2539,1,1999.999937,249999.9842
875,2724,2,1999.999937,249999.9842
876,2814,2,1999.999937,249999.9842
877,2588,6,2000.000593,250000.1483
878,2681,1,1999.999937,249999.9842
879,2514,3,1999.999937,249999.9842
880,2799,10,1999.999937,249999.9842
881,2779,2,2000.000593,250000.1483
882,2272,3,1999.999937,249999.9842
883,2503,3,1999.999937,249999.9842
884,2454,1,1999.999937,249999.9842
885,2691,2,1999.999937,249999.9842
886,2826,1,1999.999937,249999.9842
887,2488,1,2000.000593,250000.1483
888,2315,2,1999.999937,249999.9842
889,2806,3,1999.999937,249999.9842
890,2818,1,1999.999937,249999.9842
891,2639,1,1999.999937,249999.9842
892,2357,1,1999.999937,249999.9842
893,2706,3,1999.999937,249999.9842
894,2313,5,1999.999937,249999.9842
895,2406,2,1999.999937,249999.9842
896,2732,1,1999.999937,249999.9842
897,2281,5,1999.999937,249999.9842
898,2776,3,1999.999937,249999.9842
899,2764,1,1999.999937,249999.9842
900,2350,2,1999.999937,249999.9842
901,2286,1,1999.999937,249999.9842
902,2690,2,1999.999937,249999.9842
903,2568,2,1999.999937,249999.9842
904,2448,1,1999.999937,249999.9842
905,2643,1,1999.999937,249999.9843
906,2673,1,1999.999937,249999.9842
907,2821,1,1999.999937,249999.9842
908,2558,4,1999.999937,249999.9842
909,2358,1,1999.999937,249999.9842
910,2797,1,1999.999937,249999.9842
911,2565,2,1999.999937,249999.9842
912,2778,2,1999.999937,249999.9843
913,2511,1,1999.999937,249999.9842
914,2594,1,2000.000593,250000.1483
915,2789,1,1999.999937,249999.9842
916,2823,1,1999.999937,249999.9842
917,2282,1,1999.999937,249999.9842
918,2642,3,1999.999937,249999.9842
919,2674,1,1999.999937,249999.9842
920,2393,1,1999.999937,249999.9842
921,2626,1,1999.999937,249999.9842
922,2419,1,1999.999937,249999.9842
923,2373,1,1999.999937,249999.9842
924,2536,2,1999.999937,249999.9842
925,2625,1,1999.999937,249999.9842
926,2666,1,1999.999937,249999.9842
927,2355,2,1999.999937,249999.9842
928,2713,4,1999.999937,249999.9842
929,2470,1,1999.999937,249999.9842
930,2715,2,1999.999937,249999.9842
931,2326,1,1999.999937,249999.9842
932,2829,2,1999.999937,249999.9842
933,2343,1,1999.999937,249999.9842
934,2761,2,1999.999937,249999.9843
935,2762,1,1999.999937,249999.9842
936,2549,1,1999.999937,249999.9842
937,2604,2,2000.000593,250000.1483
938,2328,1,1999.999937,249999.9842
939,2312,1,1999.999937,249999.9842
940,2587,1,2000.000593,250000.1483
941,2946,1,1999.999937,249999.9842
942,2881,1,1999.999937,249999.9843
943,3040,4,1999.999937,249999.9842
944,2966,3,1999.999937,249999.9842
945,3133,4,1999.999937,249999.9842
946,3314,4,1999.999937,249999.9843
947,3204,14,1999.999937,249999.9842
948,3146,6,1999.999937,249999.9842
949,3015,11,1999.999937,249999.9842
950,3075,1,1999.999937,249999.9842
951,3042,3,1999.999937,249999.9842
952,3250,4,1999.999937,249999.9842
953,3258,1,1999.999937,249999.9842
954,3319,2,1999.999937,249999.9842
955,3193,4,1999.999937,249999.9842
956,3135,4,1999.999937,249999.9842
957,3079,2,1999.999937,249999.9842
958,2910,4,2000.000593,250000.1483
959,3344,5,1999.999937,249999.9842
960,3203,10,1999.999937,249999.9842
961,3083,1,1999.999937,249999.9842
962,3087,1,1999.999937,249999.9842
963,2932,1,2000.000593,250000.1483
964,3184,3,1999.999937,249999.9842
965,3292,2,1999.999937,249999.9842
966,3070,2,1999.999937,249999.9842
967,3206,6,1999.999937,249999.9842
968,3099,1,2000.000593,250000.1483
969,2844,1,1999.999937,249999.9842
970,2888,1,1999.999937,249999.9843
971,3398,1,1999.999937,249999.9842
972,3171,1,2000.000593,250000.1483
973,3152,2,2000.000593,250000.1483
974,2992,7,1999.999937,249999.9842
975,3300,3,2000.000593,250000.1483
976,2914,1,1999.999937,249999.9842
977,3296,3,1999.999937,249999.9842
978,3308,4,1999.999937,249999.9842
979,3385,1,1999.999937,249999.9842
980,2912,4,1999.999937,249999.9842
981,3149,4,1999.999937,249999.9842
982,3362,1,1999.999937,249999.9842
983,3297,3,1999.999937,249999.9842
984,2891,2,1999.999937,249999.9842
985,3390,1,1999.999937,249999.9842
986,2968,2,1999.999937,249999.9842
987,2980,3,1999.999937,249999.9842
988,3332,1,1999.999937,249999.9842
989,3044,6,1999.999937,249999.9842
990,2922,3,1999.999937,249999.9842
991,3092,5,1999.999937,249999.9842
992,2882,1,1999.999937,249999.9843
993,3262,3,1999.999937,249999.9843
994,2915,1,1999.999937,249999.9842
995,3185,2,1999.999937,249999.9842
996,3159,1,1999.999937,249999.9842
997,2975,3,1999.999937,249999.9842
998,3252,5,1999.999937,249999.9842
999,2945,1,1999.999937,249999.9842
1000,3190,1,1999.999937,249999.9842
1001,3198,2,1999.999937,249999.9842
1002,2902,2,1999.999937,249999.9842
1003,3063,2,1999.999937,249999.9842
1004,3347,7,1999.999937,249999.9842
1005,2927,3,1999.999937,249999.9842
1006,3302,3,1999.999937,249999.9842
1007,2907,3,1999.999937,249999.9842
1008,3136,7,1999.999937,249999.9842
1009,3241,1,1999.999937,249999.9842
1010,3137,2,1999.999937,249999.9842
1011,3084,2,1999.999937,249999.9842
1012,2988,1,1999.999937,249999.9842
1013,3399,4,1999.999937,249999.9842
1014,3310,2,1999.999937,249999.9842
1015,3126,9,1999.999937,249999.9842
1016,3298,4,2000.000593,250000.1483
1017,3048,1,2000.000593,250000.1483
1018,3182,1,1999.999937,249999.9842
1019,3078,1,2000.000593,250000.1483
1020,3359,5,2000.000593,250000.1483
1021,2908,23,1999.999937,249999.9843
1022,3263,3,1999.999937,249999.9842
1023,3315,2,1999.999937,249999.9842
1024,2893,2,1999.999937,249999.9842
1025,3339,1,1999.999937,249999.9842
1026,3322,1,1999.999937,249999.9842
1027,2857,4,1999.999937,249999.9843
1028,3014,1,1999.999937,249999.9842
1029,2943,7,1999.999937,249999.9842
1030,2864,3,1999.999937,249999.9843
1031,3121,1,1999.999937,249999.9842
1032,3312,6,1999.999937,249999.9842
1033,3016,1,1999.999937,249999.9843
1034,3261,1,1999.999937,249999.9842
1035,2883,1,1999.999937,249999.9843
1036,3317,3,1999.999937,249999.9842
1037,3010,3,1999.999937,249999.9842
1038,3388,5,1999.999937,249999.9842
1039,3396,10,1999.999937,249999.9842
1040,2964,9,1999.999937,249999.9842
1041,3109,2,1999.999937,249999.9842
1042,3176,3,1999.999937,249999.9842
1043,3006,1,1999.999937,249999.9842
1044,2889,3,2000.000593,250000.1483
1045,3106,1,1999.999937,249999.9842
1046,2920,2,1999.999937,249999.9842
1047,3030,3,1999.999937,249999.9842
1048,3246,1,1999.999937,249999.9842
1049,2909,3,1999.999937,249999.9842
1050,3383,5,2000.000593,250000.1483
1051,3303,2,1999.999937,249999.9842
1052,2931,1,1999.999937,249999.9843
1053,2961,3,1999.999937,249999.9842
1054,2868,1,1999.999937,249999.9843
1055,3212,3,1999.999937,249999.9842
1056,2869,1,1999.999937,249999.9843
1057,3356,3,1999.999937,249999.9842
1058,3093,3,1999.999937,249999.9842
1059,3161,5,1999.999937,249999.9842
1060,3382,1,1999.999937,249999.9842
1061,3215,8,1999.999937,249999.9842
1062,2841,1,1999.999937,249999.9842
1063,3157,1,1999.999937,249999.9842
1064,2979,5,1999.999937,249999.9842
1065,3272,1,1999.999937,249999.9842
1066,2876,14,1999.999937,249999.9843
1067,3247,1,2000.000593,250000.1483
1068,3059,3,1999.999937,249999.9842
1069,2911,7,1999.999937,249999.9842
1070,2990,5,1999.999937,249999.9842
1071,3058,3,1999.999937,249999.9842
1072,3386,1,2000.000593,250000.1483
1073,3112,2,1999.999937,249999.9842
1074,3166,1,1999.999937,249999.9842
1075,3138,1,1999.999937,249999.9842
1076,2973,5,2000.000593,250000.1483
1077,2987,3,1999.999937,249999.9842
1078,3096,6,1999.999937,249999.9842
1079,2934,1,1999.999937,249999.9842
1080,2843,1,1999.999937,249999.9842
1081,3111,2,1999.999937,249999.9842
1082,3245,2,1999.999937,249999.9842
1083,3342,3,1999.999937,249999.9842
1084,3286,1,1999.999937,249999.9842
1085,3041,3,1999.999937,249999.9842
1086,3348,3,1999.999937,249999.9842
1087,2859,2,1999.999937,249999.9843
1088,3394,11,1999.999937,249999.9842
1089,2858,2,1999.999937,249999.9843
1090,3346,1,1999.999937,249999.9842
1091,2929,2,1999.999937,249999.9842
1092,2894,2,1999.999937,249999.9842
1093,2904,3,1999.999937,249999.9842
1094,3177,1,1999.999937,249999.9842
1095,3400,7,1999.999937,249999.9842
1096,3276,1,1999.999937,249999.9842
1097,3011,5,1999.999937,249999.9842
1098,2916,2,1999.999937,249999.9842
1099,2950,10,1999.999937,249999.9842
1100,3179,1,1999.999937,249999.9842
1101,3142,3,1999.999937,249999.9842
1102,3255,12,1999.999937,249999.9842
1103,3199,10,1999.999937,249999.9842
1104,3352,1,1999.999937,249999.9842
1105,3188,1,2000.000593,250000.1483
1106,2887,2,1999.999937,249999.9842
1107,3242,1,1999.999937,249999.9842
1108,3349,2,1999.999937,249999.9842
1109,2856,2,1999.999937,249999.9843
1110,3363,3,1999.999937,249999.9842
1111,2982,2,1999.999937,249999.9842
1112,3165,1,1999.999937,249999.9842
1113,2969,2,1999.999937,249999.9842
1114,3082,1,1999.999937,249999.9842
1115,2872,7,1999.999937,249999.9843
1116,3090,3,1999.999937,249999.9842
1117,2976,3,1999.999937,249999.9843
1118,3341,3,1999.999937,249999.9842
1119,2849,1,1999.999937,249999.9843
1120,3266,2,1999.999937,249999.9842
1121,3256,3,1999.999937,249999.9842
1122,3167,1,1999.999937,249999.9842
1123,2865,1,1999.999937,249999.9843
1124,3301,3,1999.999937,249999.9842
1125,3069,1,1999.999937,249999.9842
1126,3129,5,1999.999937,249999.9842
1127,3032,1,1999.999937,249999.9842
1128,2926,3,1999.999937,249999.9842
1129,3316,3,2000.000593,250000.1483
1130,3107,3,1999.999937,249999.9842
1131,2994,10,1999.999937,249999.9842
1132,3108,4,1999.999937,249999.9842
1133,3076,2,1999.999937,249999.9842
1134,3025,6,1999.999937,249999.9842
1135,3012,1,1999.999937,249999.9842
1136,3278,1,1999.999937,249999.9842
1137,3307,3,1999.999937,249999.9842
1138,2951,23,1999.999937,249999.9843
1139,3086,1,1999.999937,249999.9842
1140,3139,1,1999.999937,249999.9842
1141,3273,3,1999.999937,249999.9842
1142,3194,1,1999.999937,249999.9842
1143,3163,1,1999.999937,249999.9842
1144,2873,1,1999.999937,249999.9843
1145,3345,1,1999.999937,249999.9842
1146,3393,5,1999.999937,249999.9842
1147,3043,6,1999.999937,249999.9842
1148,2967,2,1999.999937,249999.9842
1149,3210,3,1999.999937,249999.9842
1150,2898,2,1999.999937,249999.9842
1151,3254,2,1999.999937,249999.9842
1152,2901,8,1999.999937,249999.9842
1153,2919,1,1999.999937,249999.9842
1154,3360,1,1999.999937,249999.9842
1155,3207,2,2000.000593,250000.1483
1156,3228,1,1999.999937,249999.9842
1157,3089,2,1999.999937,249999.9842
1158,2905,2,1999.999937,249999.9842
1159,3269,2,1999.999937,249999.9842
1160,3214,1,1999.999937,249999.9842
1161,3350,6,1999.999937,249999.9842
1162,3355,3,1999.999937,249999.9842
1163,3340,5,2000.000593,250000.1483
1164,3027,1,2000.000593,250000.1483
1165,2900,1,1999.999937,249999.9842
1166,3005,3,1999.999937,249999.9842
1167,3178,1,1999.999937,249999.9842
1168,3056,2,1999.999937,249999.9842
1169,2886,5,1999.999937,249999.9842
1170,3088,4,1999.999937,249999.9842
1171,2917,6,1999.999937,249999.9842
1172,2863,1,1999.999937,249999.9843
1173,3026,4,1999.999937,249999.9843
1174,3384,5,1999.999937,249999.9842
1175,3391,4,1999.999937,249999.9842
1176,2838,2,1999.999937,249999.9842
1177,3115,3,1999.999937,249999.9842
1178,3271,6,1999.999937,249999.9842
1179,3145,2,1999.999937,249999.9842
1180,3118,2,1999.999937,249999.9842
1181,3205,8,1999.999937,249999.9843
1182,3031,3,1999.999937,249999.9842
1183,2853,3,1999.999937,249999.9843
1184,3038,2,1999.999937,249999.9842
1185,3143,2,1999.999937,249999.9842
1186,3095,2,1999.999937,249999.9842
1187,2970,5,1999.999937,249999.9842
1188,2921,3,1999.999937,249999.9842
1189,3127,3,1999.999937,249999.9842
1190,2996,2,1999.999937,249999.9843
1191,2848,4,1999.999937,249999.9843
1192,3257,1,1999.999937,249999.9842
1193,3305,1,1999.999937,249999.9842
1194,3389,3,1999.999937,249999.9842
1195,2924,1,1999.999937,249999.9842
1196,3320,3,1999.999937,249999.9842
1197,3077,3,1999.999937,249999.9843
1198,3200,11,1999.999937,249999.9842
1199,2993,6,1999.999937,249999.9842
1200,2874,10,1999.999937,249999.9843
1201,2936,1,1999.999937,249999.9842
1202,3100,1,1999.999937,249999.9842
1203,3018,2,2000.000593,250000.1483
1204,2862,4,1999.999937,249999.9843
1205,3181,3,1999.999937,249999.9842
1206,3064,2,1999.999937,249999.9842
1207,2892,4,1999.999937,249999.9842
1208,2949,1,1999.999937,249999.9842
1209,2918,1,1999.999937,249999.9842
1210,3299,11,1999.999937,249999.9842
1211,3037,6,1999.999937,249999.9842
1212,3358,1,1999.999937,249999.9842
1213,3113,3,1999.999937,249999.9842
1214,3094,4,1999.999937,249999.9842
1215,3062,2,1999.999937,249999.9842
1216,3289,1,1999.999937,249999.9842
1217,3249,1,2000.000593,250000.1483
1218,2991,1,1999.999937,249999.9842
1219,3216,1,1999.999937,249999.9842
1220,2850,2,2000.000593,250000.1483
1221,2854,2,1999.999937,249999.9843
1222,3013,1,1999.999937,249999.9842
1223,3003,1,1999.999937,249999.9842
1224,3158,2,1999.999937,249999.9842
1225,2952,16,1999.999937,249999.9842
1226,3221,2,1999.999937,249999.9842
1227,3354,1,1999.999937,249999.9842
1228,2977,6,2000.000593,250000.1483
1229,2877,3,1999.999937,249999.9843
1230,3387,2,1999.999937,249999.9842
1231,2925,2,1999.999937,249999.9842
1232,2984,2,1999.999937,249999.9842
1233,3008,2,1999.999937,249999.9842
1234,3192,1,1999.999937,249999.9842
1235,2866,7,1999.999937,249999.9843
1236,2981,2,1999.999937,249999.9842
1237,2939,1,1999.999937,249999.9842
1238,2923,7,1999.999937,249999.9842
1239,2867,1,1999.999937,249999.9843
1240,3144,3,1999.999937,249999.9842
1241,3033,2,1999.999937,249999.9842
1242,3183,1,1999.999937,249999.9842
1243,3253,6,1999.999937,249999.9842
1244,2986,1,1999.999937,249999.9842
1245,2861,19,1999.999937,249999.9843
1246,3036,1,1999.999937,249999.9842
1247,2944,2,1999.999937,249999.9842
1248,3219,1,1999.999937,249999.9842
1249,3395,4,1999.999937,249999.9842
1250,3311,2,1999.999937,249999.9842
1251,3007,3,1999.999937,249999.9842
1252,2933,1,1999.999937,249999.9842
1253,2998,2,2000.000593,250000.1483
1254,2885,2,1999.999937,249999.9842
1255,3306,11,1999.999937,249999.9842
1256,2835,1,1999.999937,249999.9843
1257,3381,1,1999.999937,249999.9842
1258,3150,2,1999.999937,249999.9843
1259,2836,4,1999.999937,249999.9842
1260,3270,1,1999.999937,249999.9842
1261,2875,10,1999.999937,249999.9843
1262,3239,3,1999.999937,249999.9842
1263,3114,1,1999.999937,249999.9842
1264,3122,4,1999.999937,249999.9842
1265,2878,6,1999.999937,249999.9843
1266,2962,2,1999.999937,249999.9842
1267,2930,6,1999.999937,249999.9842
1268,3120,1,1999.999937,249999.9842
1269,3259,2,1999.999937,249999.9842
1270,2903,6,1999.999937,249999.9842
1271,3128,2,1999.999937,249999.9842
1272,3180,3,1999.999937,249999.9842
1273,2851,1,1999.999937,249999.9843
1274,2860,2,1999.999937,249999.9843
1275,3131,3,2000.000593,250000.1483
1276,3309,7,1999.999937,249999.9842
1277,2953,1,2000.000593,250000.1483
1278,2890,4,1999.999937,249999.9842
1279,2840,2,1999.999937,249999.9842
1280,3401,1,1999.999937,249999.9842
1281,3304,2,1999.999937,249999.9842
1282,3147,3,1999.999937,249999.9842
1283,3351,7,1999.999937,249999.9842
1284,3119,1,2000.000593,250000.1483
1285,2941,2,1999.999937,249999.9842
1286,2842,4,1999.999937,249999.9842
1287,3187,4,1999.999937,249999.9843
1288,3029,3,1999.999937,249999.9842
1289,3057,1,1999.999937,249999.9842
1290,3148,3,1999.999937,249999.9842
1291,2971,3,1999.999937,249999.9843
1292,2958,1,1999.999937,249999.9842
1293,3162,1,1999.999937,249999.9842
1294,3201,6,1999.999937,249999.9842
1295,3294,12,1999.999937,249999.9842
1296,3067,1,1999.999937,249999.9842
1297,2995,3,1999.999937,249999.9842
1298,3353,4,1999.999937,249999.9842
1299,3060,3,1999.999937,249999.9842
1300,3378,2,1999.999937,249999.9842
1301,3251,1,1999.999937,249999.9842
1302,3202,5,1999.999937,249999.9842
1303,3260,4,1999.999937,249999.9842
1304,2896,12,1999.999937,249999.9842
1305,3039,1,1999.999937,249999.9842
1306,3458,1,1999.999937,249999.9842
1307,3864,3,1999.999937,249999.9843
1308,3658,2,1999.999937,249999.9842
1309,3547,2,1999.999937,249999.9842
1310,3778,1,1999.999937,249999.9842
1311,3618,1,2000.000593,250000.1483
1312,3735,4,1999.999937,249999.9842
1313,3570,8,1999.999937,249999.9842
1314,3906,1,1999.999937,249999.9842
1315,3403,4,1999.999937,249999.9842
1316,3466,5,1999.999937,249999.9842
1317,3655,4,1999.999937,249999.9842
1318,3661,1,1999.999937,249999.9842
1319,3588,1,1999.999937,249999.9842
1320,3571,7,1999.999937,249999.9842
1321,3439,1,1999.999937,249999.9842
1322,3619,3,1999.999937,249999.9842
1323,3602,1,1999.999937,249999.9842
1324,3566,1,1999.999937,249999.9842
1325,3450,2,1999.999937,249999.9842
1326,3518,3,2000.000593,250000.1483
1327,3678,7,1999.999937,249999.9842
1328,3578,2,1999.999937,249999.9842
1329,3693,6,1999.999937,249999.9842
1330,3967,1,1999.999937,249999.9842
1331,3406,2,1999.999937,249999.9842
1332,3690,3,1999.999937,249999.9842
1333,3824,3,1999.999937,249999.9842
1334,3712,2,1999.999937,249999.9842
1335,3745,1,1999.999937,249999.9842
1336,3879,1,1999.999937,249999.9843
1337,3758,1,1999.999937,249999.9842
1338,3413,1,1999.999937,249999.9842
1339,3614,2,1999.999937,249999.9842
1340,3841,2,1999.999937,249999.9842
1341,3872,1,1999.999937,249999.9843
1342,3557,2,2000.000593,250000.1483
1343,3743,3,1999.999937,249999.9842
1344,3630,5,1999.999937,249999.9842
1345,3927,3,1999.999937,249999.9842
1346,3720,1,1999.999937,249999.9842
1347,3839,13,1999.999937,249999.9842
1348,3554,2,1999.999937,249999.9842
1349,3447,9,1999.999937,249999.9842
1350,3683,4,1999.999937,249999.9842
1351,3794,4,1999.999937,249999.9842
1352,3494,5,2000.000593,250000.1483
1353,3929,4,1999.999937,249999.9842
1354,3629,1,1999.999937,249999.9842
1355,3883,6,1999.999937,249999.9843
1356,3575,8,1999.999937,249999.9843
1357,3445,8,1999.999937,249999.9842
1358,3671,2,1999.999937,249999.9842
1359,3631,2,1999.999937,249999.9842
1360,3563,5,1999.999937,249999.9842
1361,3496,2,2000.000593,250000.1483
1362,3512,1,2000.000593,250000.1483
1363,3814,3,1999.999937,249999.9842
1364,3579,6,1999.999937,249999.9842
1365,3595,1,1999.999937,249999.9842
1366,3681,3,1999.999937,249999.9842
1367,3714,1,1999.999937,249999.9842
1368,3549,2,1999.999937,249999.9842
1369,3416,2,1999.999937,249999.9842
1370,3821,1,1999.999937,249999.9842
1371,3779,1,1999.999937,249999.9842
1372,3925,5,1999.999937,249999.9842
1373,3507,5,2000.000593,250000.1483
1374,3838,10,1999.999937,249999.9842
1375,3558,1,1999.999937,249999.9842
1376,3624,1,1999.999937,249999.9842
1377,3640,3,1999.999937,249999.9842
1378,3710,1,1999.999937,249999.9842
1379,3426,2,1999.999937,249999.9842
1380,3565,6,1999.999937,249999.9842
1381,3634,6,2000.000593,250000.1483
1382,3741,1,1999.999937,249999.9842
1383,3511,3,2000.000593,250000.1483
1384,3932,3,1999.999937,249999.9842
1385,3791,2,1999.999937,249999.9842
1386,3433,2,2000.000593,250000.1483
1387,3604,1,1999.999937,249999.9842
1388,3560,2,1999.999937,249999.9842
1389,3587,1,1999.999937,249999.9842
1390,3665,2,1999.999937,249999.9842
1391,3825,1,1999.999937,249999.9842
1392,3497,4,2000.001249,250000.3123
1393,3550,1,2000.000593,250000.1483
1394,3635,3,1999.999937,249999.9842
1395,3527,1,2000.000593,250000.1483
1396,3513,4,2000.000593,250000.1483
1397,3405,2,1999.999937,249999.9842
1398,3503,2,2000.000593,250000.1483
1399,3840,7,1999.999937,249999.9842
1400,3792,4,1999.999937,249999.9842
1401,3870,1,1999.999937,249999.9843
1402,3577,1,2000.000593,250000.1483
1403,3731,2,1999.999937,249999.9842
1404,3596,3,1999.999937,249999.9842
1405,3887,2,1999.999937,249999.9843
1406,3453,3,1999.999937,249999.9842
1407,3767,1,1999.999937,249999.9842
1408,3917,1,1999.999937,249999.9842
1409,3786,5,1999.999937,249999.9842
1410,3574,3,1999.999937,249999.9842
1411,3606,2,1999.999937,249999.9842
1412,3508,5,2000.000593,250000.1483
1413,3694,8,1999.999937,249999.9842
1414,3740,3,1999.999937,249999.9842
1415,3869,1,1999.999937,249999.9843
1416,3674,1,1999.999937,249999.9842
1417,3726,3,1999.999937,249999.9842
1418,3765,2,1999.999937,249999.9842
1419,3499,3,2000.000593,250000.1483
1420,3689,19,1999.999937,249999.9842
1421,3761,2,1999.999937,249999.9842
1422,3682,3,1999.999937,249999.9842
1423,3777,1,1999.999937,249999.9842
1424,3744,1,1999.999937,249999.9842
1425,3442,1,1999.999937,249999.9842
1426,3795,6,1999.999937,249999.9842
1427,3633,3,1999.999937,249999.9842
1428,3621,3,1999.999937,249999.9842
1429,3440,5,1999.999937,249999.9842
1430,3455,2,1999.999937,249999.9843
1431,3881,2,1999.999937,249999.9843
1432,3692,9,1999.999937,249999.9842
1433,3530,1,2000.000593,250000.1483
1434,3556,2,1999.999937,249999.9842
1435,3878,8,1999.999937,249999.9843
1436,3709,1,1999.999937,249999.9842
1437,3567,1,1999.999937,249999.9842
1438,3573,3,1999.999937,249999.9842
1439,3456,3,1999.999937,249999.9842
1440,3449,2,1999.999937,249999.9842
1441,3687,4,2000.000593,250000.1483
1442,3836,8,1999.999937,249999.9843
1443,3880,5,2000.000593,250000.1483
1444,3623,2,1999.999937,249999.9842
1445,3660,1,1999.999937,249999.9842
1446,3628,8,1999.999937,249999.9842
1447,3706,2,1999.999937,249999.9842
1448,3688,12,1999.999937,249999.9842
1449,3737,5,1999.999937,249999.9842
1450,3502,1,2000.000593,250000.1483
1451,3957,1,1999.999937,249999.9842
1452,3888,2,1999.999937,249999.9843
1453,3493,3,2000.000593,250000.1483
1454,3834,1,1999.999937,249999.9842
1455,3418,1,1999.999937,249999.9842
1456,3609,4,1999.999937,249999.9842
1457,3877,3,1999.999937,249999.9843
1458,3724,5,1999.999937,249999.9842
1459,3717,1,1999.999937,249999.9842
1460,3506,6,2000.000593,250000.1483
1461,3529,1,2000.000593,250000.1483
1462,3515,1,2000.000593,250000.1483
1463,3465,1,1999.999937,249999.9842
1464,3637,5,1999.999937,249999.9842
1465,3728,4,1999.999937,249999.9842
1466,3501,3,2000.000593,250000.1483
1467,3583,1,1999.999937,249999.9842
1468,3435,3,1999.999937,249999.9842
1469,3526,1,2000.000593,250000.1483
1470,3436,2,1999.999937,249999.9842
1471,3685,2,1999.999937,249999.9843
1472,3819,1,1999.999937,249999.9842
1473,3431,4,1999.999937,249999.9842
1474,3452,6,1999.999937,249999.9842
1475,3639,5,1999.999937,249999.9842
1476,3444,2,1999.999937,249999.9842
1477,3733,2,1999.999937,249999.9842
1478,3843,1,1999.999937,249999.9842
1479,3725,4,1999.999937,249999.9842
1480,3443,4,1999.999937,249999.9842
1481,3553,3,1999.999937,249999.9842
1482,3736,2,1999.999937,249999.9842
1483,3622,3,1999.999937,249999.9842
1484,3789,11,1999.999937,249999.9842
1485,3926,6,2000.000593,250000.1483
1486,3670,3,1999.999937,249999.9842
1487,3930,22,1999.999937,249999.9842
1488,3653,1,1999.999937,249999.9842
1489,3538,1,1999.999937,249999.9842
1490,3959,1,1999.999937,249999.9842
1491,3648,3,1999.999937,249999.9842
1492,3669,2,1999.999937,249999.9842
1493,3790,10,1999.999937,249999.9842
1494,3627,6,1999.999937,249999.9842
1495,3612,1,1999.999937,249999.9842
1496,3615,2,1999.999937,249999.9842
1497,3919,1,1999.999937,249999.9842
1498,3528,3,2000.000593,250000.1483
1499,3842,2,1999.999937,249999.9842
1500,3727,2,1999.999937,249999.9842
1501,3793,2,1999.999937,249999.9842
1502,3620,4,1999.999937,249999.9842
1503,3425,3,1999.999937,249999.9842
1504,3402,1,1999.999937,249999.9843
1505,3541,1,1999.999937,249999.9842
1506,3616,5,1999.999937,249999.9842
1507,3677,8,1999.999937,249999.9842
1508,3505,3,2000.000593,250000.1483
1509,3885,1,1999.999937,249999.9843
1510,3584,2,1999.999937,249999.9842
1511,3451,6,1999.999937,249999.9842
1512,3626,2,1999.999937,249999.9842
1513,3636,5,1999.999937,249999.9842
1514,3561,2,1999.999937,249999.9842
1515,3632,6,1999.999937,249999.9843
1516,3421,1,2000.000593,250000.1483
1517,3495,1,2000.000593,250000.1483
1518,3815,1,1999.999937,249999.9842
1519,3613,2,1999.999937,249999.9842
1520,3924,4,1999.999937,249999.9843
1521,3716,2,1999.999937,249999.9842
1522,3437,4,2000.000593,250000.1483
1523,3723,4,1999.999937,249999.9842
1524,3568,9,1999.999937,249999.9842
1525,3434,7,1999.999937,249999.9842
1526,3487,1,2000.000593,250000.1483
1527,3684,3,1999.999937,249999.9842
1528,3552,5,1999.999937,249999.9842
1529,3625,2,1999.999937,249999.9842
1530,3408,1,1999.999937,249999.9842
1531,3446,6,1999.999937,249999.9842
1532,3695,1,1999.999937,249999.9842
1533,3928,3,1999.999937,249999.9842
1534,3962,1,1999.999937,249999.9842
1535,3774,2,1999.999937,249999.9842
1536,3509,1,2000.000593,250000.1483
1537,3721,1,1999.999937,249999.9842
1538,3746,2,1999.999937,249999.9842
1539,3886,5,1999.999937,249999.9843
1540,3454,1,1999.999937,249999.9842
1541,3672,1,1999.999937,249999.9842
1542,3826,2,1999.999937,249999.9842
1543,3933,1,1999.999937,249999.9842
1544,3675,4,1999.999937,249999.9842
1545,3884,13,1999.999937,249999.9843
1546,3711,1,1999.999937,249999.9842
1547,3651,1,1999.999937,249999.9842
1548,3510,1,2000.000593,250000.1483
1549,3734,5,1999.999937,249999.9842
1550,3808,2,1999.999937,249999.9842
1551,3522,2,2000.000593,250000.1483
1552,3742,5,1999.999937,249999.9842
1553,3871,1,1999.999937,249999.9843
1554,3569,11,1999.999937,249999.9842
1555,3775,1,1999.999937,249999.9842
1556,3835,4,1999.999937,249999.9842
1557,3882,12,1999.999937,249999.9843
1558,3691,1,1999.999937,249999.9842
1559,3564,6,1999.999937,249999.9842
1560,3966,3,1999.999937,249999.9842
1561,3572,4,1999.999937,249999.9842
1562,3457,3,2000.000593,250000.1483
1563,3414,2,1999.999937,249999.9842
1564,3666,2,1999.999937,249999.9842
1565,3686,3,1999.999937,249999.9842
1566,3562,3,1999.999937,249999.9842
1567,3680,5,1999.999937,249999.9842
1568,3862,1,1999.999937,249999.9843
1569,3555,4,1999.999937,249999.9842
1570,3858,2,1999.999937,249999.9843
1571,3973,9,2000.000593,250000.1483
1572,4371,2,1999.999937,249999.9842
1573,4156,8,1999.999937,249999.9842
1574,4207,1,1999.999937,249999.9842
1575,4299,1,2000.000593,250000.1483
1576,4259,2,1999.999937,249999.9842
1577,3977,1,1999.999937,249999.9842
1578,4344,1,1999.999937,249999.9842
1579,4488,1,1999.999937,249999.9842
1580,4375,1,1999.999937,249999.9842
1581,4123,11,1999.999937,249999.9842
1582,4349,1,1999.999937,249999.9842
1583,4505,1,1999.999937,249999.9842
1584,4370,1,1999.999937,249999.9842
1585,4018,6,1999.999937,249999.9842
1586,4256,2,1999.999937,249999.9842
1587,4466,1,1999.999937,249999.9842
1588,4305,1,2000.000593,250000.1483
1589,4056,3,1999.999937,249999.9843
1590,4046,2,1999.999937,249999.9842
1591,3976,5,1999.999937,249999.9842
1592,4194,1,1999.999937,249999.9843
1593,4345,1,1999.999937,249999.9842
1594,4024,4,1999.999937,249999.9842
1595,4317,2,1999.999937,249999.9842
1596,4383,3,1999.999937,249999.9842
1597,4350,3,1999.999937,249999.9842
1598,4125,3,1999.999937,249999.9842
1599,4277,1,1999.999937,249999.9842
1600,4326,2,1999.999937,249999.9842
1601,4321,1,1999.999937,249999.9842
1602,4388,1,1999.999937,249999.9842
1603,4396,1,1999.999937,249999.9842
1604,4089,2,1999.999937,249999.9843
1605,4065,6,1999.999937,249999.9842
1606,4058,4,2000.000593,250000.1483
1607,4355,1,2000.000593,250000.1483
1608,4095,3,1999.999937,249999.9842
1609,4173,4,1999.999937,249999.9842
1610,4172,10,1999.999937,249999.9842
1611,4448,1,1999.999937,249999.9842
1612,4413,1,1999.999937,249999.9842
1613,4432,2,1999.999937,249999.9843
1614,4436,1,1999.999937,249999.9843
1615,4294,1,2000.000593,250000.1483
1616,4330,1,1999.999937,249999.9842
1617,4213,2,1999.999937,249999.9842
1618,4148,1,1999.999937,249999.9842
1619,4297,2,2000.000593,250000.1483
1620,4097,13,1999.999937,249999.9842
1621,3972,14,1999.999937,249999.9842
1622,4497,2,1999.999937,249999.9843
1623,4495,1,1999.999937,249999.9842
1624,4279,1,1999.999937,249999.9842
1625,4066,1,1999.999937,249999.9842
1626,4057,3,1999.999937,249999.9842
1627,4412,2,1999.999937,249999.9843
1628,4298,1,2000.000593,250000.1483
1629,4210,1,1999.999937,249999.9842
1630,4236,5,1999.999937,249999.9842
1631,4374,2,2000.000593,250000.1483
1632,4328,1,1999.999937,249999.9842
1633,4049,2,1999.999937,249999.9842
1634,4143,1,1999.999937,249999.9842
1635,4211,1,1999.999937,249999.9842
1636,4364,3,2000.000593,250000.1483
1637,4050,1,1999.999937,249999.9842
1638,4251,1,2000.000593,250000.1483
1639,4409,3,1999.999937,249999.9842
1640,4026,1,1999.999937,249999.9842
1641,4348,1,1999.999937,249999.9842
1642,4295,2,2000.001249,250000.3123
1643,4366,1,1999.999937,249999.9842
1644,4281,2,1999.999937,249999.9842
1645,4508,1,1999.999937,249999.9842
1646,4090,3,1999.999937,249999.9842
1647,4060,1,1999.999937,249999.9842
1648,4021,1,1999.999937,249999.9842
1649,4128,7,1999.999937,249999.9842
1650,4318,1,2000.000593,250000.1483
1651,4407,1,1999.999937,249999.9842
1652,3970,3,1999.999937,249999.9842
1653,4273,1,1999.999937,249999.9842
1654,4410,1,1999.999937,249999.9842
1655,4235,3,1999.999937,249999.9842
1656,4426,1,1999.999937,249999.9842
1657,4216,1,1999.999937,249999.9843
1658,4314,1,1999.999937,249999.9842
1659,4356,2,1999.999937,249999.9842
1660,4258,3,1999.999937,249999.9842
1661,4389,2,1999.999937,249999.9842
1662,4303,4,2000.000593,250000.1483
1663,4352,3,1999.999937,249999.9842
1664,4411,1,1999.999937,249999.9842
1665,4063,6,1999.999937,249999.9842
1666,3969,2,1999.999937,249999.9842
1667,4461,2,1999.999937,249999.9842
1668,4055,1,1999.999937,249999.9842
1669,4023,2,1999.999937,249999.9842
1670,4124,7,1999.999937,249999.9842
1671,4342,1,1999.999937,249999.9842
1672,4271,3,1999.999937,249999.9842
1673,4189,3,1999.999937,249999.9842
1674,4463,1,1999.999937,249999.9842
1675,4064,4,1999.999937,249999.9842
1676,4144,1,1999.999937,249999.9842
1677,4270,4,1999.999937,249999.9843
1678,4327,2,1999.999937,249999.9842
1679,4016,4,1999.999937,249999.9842
1680,4480,4,1999.999937,249999.9842
1681,4253,2,1999.999937,249999.9842
1682,4458,5,1999.999937,249999.9842
1683,4020,5,1999.999937,249999.9842
1684,4296,1,2000.000593,250000.1483
1685,4490,1,1999.999937,249999.9842
1686,4061,1,1999.999937,249999.9842
1687,4147,3,2000.000593,250000.1483
1688,4373,4,1999.999937,249999.9842
1689,4003,4,1999.999937,249999.9842
1690,4300,3,2000.000593,250000.1483
1691,4376,1,1999.999937,249999.9842
1692,4218,1,2000.000593,250000.1483
1693,4079,1,1999.999937,249999.9842
1694,4306,1,2000.000593,250000.1483
1695,4155,1,1999.999937,249999.9842
1696,4431,4,1999.999937,249999.9843
1697,4094,2,1999.999937,249999.9842
1698,4212,1,1999.999937,249999.9842
1699,4394,2,1999.999937,249999.9842
1700,4491,1,1999.999937,249999.9842
1701,4319,2,1999.999937,249999.9842
1702,4149,1,1999.999937,249999.9842
1703,4304,3,2000.000593,250000.1483
1704,4329,1,1999.999937,249999.9842
1705,4465,3,1999.999937,249999.9842
1706,4308,1,2000.000593,250000.1483
1707,4272,1,2000.000593,250000.1483
1708,4190,4,1999.999937,249999.9842
1709,4275,2,1999.999937,249999.9842
1710,4301,2,2000.000593,250000.1483
1711,4280,3,1999.999937,249999.9842
1712,3971,3,1999.999937,249999.9843
1713,4320,2,1999.999937,249999.9842
1714,4343,5,2000.000593,250000.1483
1715,4380,4,1999.999937,249999.9842
1716,4153,1,1999.999937,249999.9842
1717,4022,1,1999.999937,249999.9842
1718,4017,2,1999.999937,249999.9843
1719,4393,2,1999.999937,249999.9842
1720,3979,9,1999.999937,249999.9842
1721,4316,1,1999.999937,249999.9843
1722,4098,8,1999.999937,249999.9842
1723,4126,7,1999.999937,249999.9842
1724,4025,4,1999.999937,249999.9842
1725,4121,10,2000.000593,250000.1483
1726,4365,3,1999.999937,249999.9842
1727,4096,9,1999.999937,249999.9842
1728,4019,7,2000.000593,250000.1483
1729,3975,4,1999.999937,249999.9842
1730,4478,2,1999.999937,249999.9842
1731,4423,2,1999.999937,249999.9842
1732,4340,3,1999.999937,249999.9842
1733,4385,2,1999.999937,249999.9843
1734,4214,5,1999.999937,249999.9842
1735,4044,2,1999.999937,249999.9842
1736,4150,1,1999.999937,249999.9842
1737,4059,3,1999.999937,249999.9842
1738,4354,2,1999.999937,249999.9842
1739,4368,3,1999.999937,249999.9842
1740,4091,2,2000.000593,250000.1483
1741,4276,1,1999.999937,249999.9842
1742,4341,1,1999.999937,249999.9843
1743,4278,1,1999.999937,249999.9842
1744,4353,1,1999.999937,249999.9843
1745,4191,1,1999.999937,249999.9842
1746,4175,3,1999.999937,249999.9842
1747,4093,2,1999.999937,249999.9842
1748,4283,3,1999.999937,249999.9842
1749,4151,10,1999.999937,249999.9842
1750,3974,12,1999.999937,249999.9842
1751,4286,2,2000.000593,250000.1483
1752,4234,4,1999.999937,249999.9842
1753,4307,2,2000.000593,250000.1483
1754,4322,2,1999.999937,249999.9842
1755,4406,1,1999.999937,249999.9842
1756,4454,1,1999.999937,249999.9842
1757,4325,2,1999.999937,249999.9842
1758,4395,2,1999.999937,249999.9842
1759,4257,1,1999.999937,249999.9842
1760,4092,1,1999.999937,249999.9842
1761,4462,1,1999.999937,249999.9842
1762,4521,1,1999.999937,249999.9842
1763,4131,5,1999.999937,249999.9842
1764,4453,1,1999.999937,249999.9842
1765,4254,2,1999.999937,249999.9842
1766,4127,22,1999.999937,249999.9842
